user_id,book_id,rating_predict
281,2461928,8.4933520267305
1250,31957,7.908757773352919
4241,196603,8.090574140336164
5140,468894,8.248783055386442
7781,2141951,7.997120092872763
8391,4684864,7.9650471512179575
13350,2927125,7.834324189910626
13680,2712011,7.932033833746032
13810,2450736,8.618827806053313
14950,531001,7.9799971924856825
14990,3262102,8.231981581817255
15651,634493,8.04081692559037
15710,2145220,8.0578445928547
15760,1251642,7.484311671101458
16510,2121783,8.7081238025231
16711,1352957,7.4340774200139155
16751,3802522,7.839727986230303
17450,479190,8.33160816625015
17531,3836839,8.455751940792188
18110,2599190,8.124991723507218
20080,614433,7.984582422631431
21671,1612347,8.639612400469844
24231,2762412,7.974804332528142
25190,2129220,7.993780674876077
26301,482039,8.0295451376827
26670,1341085,8.029180039728645
26851,2577789,8.603447738438227
27991,2141884,7.339995220385471
28231,173943,7.914080785916322
28270,195089,8.030213008129643
28951,2770245,8.105049112826496
29361,436461,8.117890218362838
29700,3991237,8.027392493845468
30160,1292056,7.992436833412262
32451,2215245,7.934495625628108
33340,1722927,8.082447921562608
34041,2423293,7.823304066740376
36270,4603603,7.964797260655626
37081,2694951,7.999567811349703
38661,763349,8.092225639995407
39411,1354194,8.004459373612521
39541,1750748,8.655831796705279
39881,306521,8.687880789987382
40330,2578149,7.935583489234684
40520,489872,8.147673827202782
41150,4625218,7.960020425532887
42150,473926,8.598497283385635
42410,2141871,7.999031518415585
42511,132629,8.613624891131646
44861,442320,7.97996298914425
46650,194451,8.687975943724972
47410,2467103,8.022602801992967
48221,188442,6.54596765134903
48890,261421,8.221915491287186
49261,131228,8.094652456100714
49380,2425135,7.99351936550183
50691,492895,7.939109980159044
51041,2276715,8.456413765837427
51630,901731,8.113844731514082
52680,195678,8.009036758547351
52741,2484967,8.02803939845015
53811,496731,8.155956635077041
54711,2231627,7.854999709846827
54911,1577474,8.023113852438097
55161,1947821,7.999627163678587
55171,3789592,7.3599566761906114
55251,2463719,8.028653270755665
55470,1726328,6.978197047701776
55861,2522356,8.695054963354101
56360,2443326,7.880213019520078
56410,3801229,7.434496463030236
57591,212216,8.634380174749161
57711,327556,8.000637666504689
59011,5175577,8.248173005759218
59130,1118435,8.604805220490327
59260,5069705,8.016638502502001
60390,6222,8.723777425233134
60520,2818720,8.108778151356123
60521,986524,7.581026174733559
60730,5075707,7.927682624157453
61020,117529,8.50225260340321
61560,5194960,7.94082335048923
61691,2266658,8.68235621651773
62090,2604131,8.054496940234648
62451,2435077,8.094517863796336
63830,2301271,8.009000065785848
64000,2287253,8.093384631355589
64080,1083718,8.077663735968706
64530,1462245,7.835302209517892
66320,2279501,8.22081114810417
66860,2482997,7.123152072045223
67000,2573148,8.007551866311927
67350,2209477,8.045801779702833
68131,4289227,8.110472718797956
68790,1610935,7.9969039637629535
69580,3182068,8.349868022062745
69711,2588792,8.100479845526609
72241,2532359,7.848442045941874
73081,3786424,8.330183460023328
73301,986032,8.590584946227555
74030,4564129,7.959232218357901
74200,3741640,8.658379528540506
74571,2212149,8.004894504563978
76211,313514,7.883445069465912
76220,2300478,8.726846583761656
76811,432544,7.987498297389026
78640,1636917,7.950388460602942
79031,1201840,8.105490816817197
79070,4018180,6.164669784795106
79100,2229477,8.095856531439496
79380,3766759,8.060659067098413
79851,562680,8.389458456552855
80320,1709068,7.983614822654689
80530,4582423,7.959262251021334
80861,1523651,7.336160950532382
81450,2316186,8.020906778733943
82160,4612210,7.96020114428951
82490,476483,8.383023375999683
83960,306445,8.03736126440973
84471,484227,7.900650957548206
84801,6017890,8.00932712257802
84910,25357,8.349209130952632
85231,4148959,7.997553198594039
85321,2690529,7.99330812562654
85430,2343168,7.4079539802206185
85580,3785716,8.54693761092807
86020,3593470,7.9403091908675325
86070,1751584,8.008628773579874
86261,5119510,5.849601846543828
86470,128220,8.326524917250865
87071,713520,8.014934535521089
87860,692712,7.990423427828945
87891,4794718,8.152265708927668
88321,2527562,7.3587751706008975
88751,4811725,8.248305908752664
89561,2362532,8.162541994727981
89581,2546856,8.228604179798694
90121,2577789,5.569530135053283
91421,504193,8.039638065725601
91441,1339374,8.1710653205098
91690,422,7.779080021573975
92030,1242504,7.964705760466589
93041,4752370,5.969322339268545
95610,2391185,7.959781206794109
95691,313787,7.987710579712165
96241,477223,8.025304900709187
96361,1853932,8.718294622806035
97300,1333065,8.238893729610405
97921,568079,8.703558263006114
98071,4183999,7.998596743108805
98401,2012,8.380394868140744
98911,35960,7.195074118062226
99511,181149,8.69216848169414
100090,612487,7.959415763056956
100770,449072,8.585371780593238
102621,2571359,7.807565039955517
102640,3465649,8.234439535559522
102770,3768418,8.619339921011775
103041,2531639,8.103249810835091
103490,472043,7.930808898070782
103850,103863,8.599139838011267
103860,316084,7.779236360725636
104111,2712011,7.932033833746032
104461,129739,6.2681436090555716
106071,1956388,8.514682330011977
106150,5144353,7.9597202817434045
107391,2575859,8.607311394135836
108590,243334,7.949922178076399
108961,2401452,7.959830152641065
109040,214879,8.698057965035222
109061,2320592,8.571136111467178
109111,183602,8.015575259934634
109350,7209358,8.486429238642389
109651,778484,7.131957742218402
110240,4360447,8.228681511340122
110400,2599190,8.717012471490476
110580,1079,8.13449039292863
110601,911676,8.627808379524213
110610,4741048,8.670006424990358
110631,1806628,8.042660060960175
110871,2610042,8.688293268504129
110900,216878,7.9851536283797815
112441,5146501,7.871662801116315
112630,858237,8.038258727534558
112801,2321956,8.133310389936783
112821,313249,8.101172417822863
114131,4412509,6.589187566057401
114190,309421,8.215406203602463
114260,3863911,8.669158108730699
114681,3144355,7.962535272945528
116110,868187,8.047097378718018
116120,481522,8.105185859057194
116540,2081705,7.906281292874155
117211,494407,8.724035302017006
117301,2989726,8.442213299051401
117361,931342,8.0478598098693
117431,5168251,8.660207330666244
117491,471599,8.02477264436258
117621,314177,8.58860360685521
118861,4018180,7.7353628174714375
118961,120160,6.609855645825626
119901,1444766,5.57074313481004
119981,2242925,7.979434017571594
120750,2286863,7.260778390477616
120761,2215231,7.186640034197103
121171,2318816,6.737305780401462
121980,1288384,7.329762480872449
122220,1353581,7.999312914084975
122321,2608564,6.772669452331478
122441,2209477,7.949018600442465
122600,264330,7.601998659351273
122641,4879087,7.997471907561895
122851,4177156,8.012277143584564
123210,2145940,8.485389033576526
123531,5075125,7.976924359239942
123840,535707,8.000452248806438
125330,2467103,8.031814595389287
125400,2273687,8.076509521125342
125511,466232,8.541803060122088
125620,2145175,8.04997832386297
125870,546726,5.8488940478244595
126781,2596602,8.187105343827714
126920,2694951,7.903048500905726
126931,2377730,7.974594713004015
127841,1030757,7.920178269972112
128390,859217,7.890099791870598
128511,1442680,8.649193388600008
129711,2458140,8.539953239283681
129970,1299424,7.942402549421389
130031,1206977,7.546257019756344
130710,453415,7.0937851185783956
131100,4908796,7.959753003102624
132541,2287671,8.153979511362227
132711,5118154,7.964690084725853
132771,2388495,8.007063865818694
132950,4370989,8.016613456988175
132951,1239169,7.999692510150035
133210,2486590,7.988961098741931
133780,2486212,8.004659930014927
133791,2085591,8.22378272620902
134151,5040484,8.09610087710232
135041,3766759,8.060690894527434
135400,2737696,7.999610799033871
135620,3954634,8.038836139197034
136081,4183999,8.342023670868231
137231,2260524,8.05328296632243
137381,4827193,7.988730466336155
137500,1817250,5.691626357206842
137601,4681675,7.949969852236154
139371,170101,7.950850763636376
141230,534430,8.678105753041862
141320,2577789,5.565591862727117
141441,681470,8.625868069168133
142221,3763261,8.23051869046521
142250,800684,7.999806508282034
142670,4181938,8.062822544011588
142931,2388329,8.723277090496232
143241,4533115,8.04023366627281
143471,1214445,8.17471816999355
143881,447190,7.416061318711452
144650,1338181,7.580632172446052
145061,122216,8.222885096451156
146370,4631686,7.960028817211372
147750,2883814,8.707948105337447
148191,4432252,7.841963278898367
148840,196603,8.090574140336164
148890,103890,7.9323601323705315
149471,573666,8.632092011488735
149560,471599,7.786410742913779
149670,4552675,5.791504818886797
150390,2139892,8.652029085648765
150400,2391039,8.094630191621803
150680,2251427,7.973301436961036
150971,872931,6.6800876506575015
151111,484504,7.4432052371651505
151121,28666,8.024673906997732
151990,34091,8.07766043016534
152101,4412509,5.71458913479866
152170,4295821,8.0891491951282
152611,3040795,8.142406409041946
153030,129634,7.936259772845091
153081,537558,8.650831409186733
154291,3693118,7.959693240844789
154851,1281472,8.043595079982676
155271,2205227,7.930897323051279
155281,829127,8.679671585811066
156241,1918003,7.949162330875038
156371,2260199,8.01112498725934
156390,4268950,8.669426572792124
156670,1932068,8.379895976114371
156980,2484994,7.976743172286119
157221,822326,8.282112615202122
157440,498948,8.008860132143951
157551,1000352,8.103079688878402
158830,2272902,7.95738663093091
160011,2279417,8.090872227445368
160131,2575023,8.00811558465477
160170,673411,8.387420377234994
160360,3893974,8.61739457035235
160371,2430403,8.05649644306083
160510,2071570,7.964772270673932
160741,31876,7.926246650701329
163161,4421068,8.662236984355127
163400,464534,7.564316298095901
163631,3891124,7.353415509899289
164031,460023,7.238735788113973
164170,4096036,8.699733389858912
166010,2577091,8.49633484413293
166191,2392274,8.000736208877047
166941,428685,8.098125208231364
167021,462665,7.397930157198934
167200,447103,7.469850025338033
167450,452117,6.950127330075111
167610,1510247,8.717213778807395
168160,1326209,8.183857186988178
168520,2579670,8.318971369966421
168551,2381753,8.028287325649652
168981,487276,7.9218944549678865
169200,2208241,8.709819045837003
171081,2251382,7.998630610457448
171410,2391259,7.122348062761642
172571,15656,7.977238553114797
172890,5220760,7.939362398785983
172951,36221,5.791732564840023
172990,305091,8.061050810766087
173070,2078915,8.11494944179344
173121,4877545,7.965149910550854
173501,389215,8.589639131234817
174010,4552675,7.992989399392246
174190,443517,7.9762532851746775
174401,2879581,7.524475422083709
174700,321150,7.522910032754748
175101,3174277,7.964777508331564
175500,2071831,6.274943147339907
175690,201483,6.834522389967196
176640,2525028,8.008124736893539
176700,1271808,8.047041051337215
176741,4020370,7.825393300495782
176750,4311490,5.719580510649667
177511,311267,8.687718109251577
177681,2471471,8.699355293502979
178071,2482461,8.153931721114791
178091,4741048,8.723288145872845
178390,2180196,7.6529777149628675
179720,2273687,8.019421685358296
179830,800684,7.998665371245125
179940,356451,7.958573328210339
180750,4005610,8.552638174179899
181480,438672,7.9599588965000505
181510,2256539,7.552785428833083
182561,2277015,7.999327459453127
183081,463784,8.036027335927345
183231,1552736,7.996994738041696
183730,1796985,5.786785780110719
183860,2259706,7.959760164344528
184741,459282,8.720851992067445
185000,2382555,7.824776890254998
185320,1354988,8.54448606662552
185950,1829938,7.997689769541297
186450,162458,7.785795016394408
187570,2204362,6.336393645246549
188461,2600001,8.574522396198793
188641,481572,8.000491836296243
189851,3448510,7.980754030892429
190181,644525,7.959035047116479
190650,402609,8.023685901397796
190900,1046376,8.272610447279712
191450,2139892,8.278780111024837
191711,4075519,7.950095873243953
191811,460012,7.990734813801571
191921,4018180,7.772297311743486
192300,2610500,8.054498950891483
192551,2476171,8.708500026638937
192641,2550430,8.071907619548707
192701,1650579,7.973014278238517
193061,215689,8.604442901757348
194640,468013,7.969108610338881
195341,2341532,7.913431368450753
195961,4595326,7.9598674413534924
196010,253112,8.428062854521086
196801,2215214,7.984272661629263
197080,2604421,8.000358851615488
197110,4673368,7.959711329539288
197441,2543439,7.9506739506717405
198871,4943551,8.073863097976378
199020,2063519,8.624308215452496
199950,2473078,8.145006722986531
200500,2340191,8.04447816041658
200971,2427627,8.387266332116196
200980,2334724,8.651943089514834
201100,2942662,7.92909894367007
201121,4025413,8.22608011531768
201190,387779,7.890429345230555
201601,2600366,8.271911338745669
201620,28498,7.948070898648326
201660,541600,8.029291954985876
202071,166554,8.523736675414607
202151,1185181,8.008331265079914
202481,3884554,7.9311326065229455
202771,3916879,7.474223157211737
204210,3228,8.02146040319465
204451,1798025,8.172433894468556
204561,145925,8.384322570716916
205040,3307879,7.954292227277769
205201,2599190,8.386113386903983
205951,625273,7.967784955645921
206130,2302653,8.014445676741293
206241,850123,8.00520022369342
206420,2438898,7.819934692863745
206570,9695,8.678105753041862
206860,2371874,8.140183110658255
207150,840112,7.933913965497804
207540,312722,6.3972275029509165
207710,414903,8.13707199305716
207751,4238251,7.349832711349503
207790,2131332,8.020346443763122
208230,2694951,8.013880182076784
208650,2854876,8.705822737811085
208760,1826129,8.004087222451501
208950,1389198,5.630263883905645
209920,320876,7.968872814746419
209971,4268815,7.997468402196933
210401,1868694,7.459562058243769
210541,561983,7.840107659224375
210561,716862,7.965614377068359
210941,2372787,7.985605176637328
211131,454135,7.925028431407199
212161,538751,8.039721815096353
212341,2466103,7.979083219836972
212350,3908170,7.585700282463933
213001,541497,8.001558755611114
213090,2528013,7.580467666967863
213410,693650,8.093962394242508
213950,2854876,8.649094102318323
214221,2404808,6.390759016442826
214300,5168,8.296138200633717
215210,1130783,7.940257544245641
215301,127232,8.087019656231774
215510,5992732,8.670861101784
216060,2595480,7.663595197342776
216311,355439,8.171250793198844
216530,490080,8.008977127798088
217081,2737394,5.570825365819066
217411,212216,5.6110843367197765
217611,1004181,7.977901239284335
217860,4311712,7.959691163742859
218611,931342,8.0478598098693
219500,8467358,8.008801445792034
219851,4396336,7.38563210397488
219980,1277744,7.306145699830454
220931,2560622,7.959707930574204
221411,8369,5.788296039796917
221950,308428,7.362695992630652
222591,261524,5.8102733506472495
223341,1198693,8.314826901971733
223760,478773,5.6126187822622375
224191,2447140,7.897988604794559
224341,2391405,7.9750272723739775
224491,2285934,8.020990490732354
225340,2368374,7.682466558548163
225600,324393,7.966819593144139
225791,2256249,8.09947287505954
226141,3442753,7.505851935679081
226491,449930,8.514946743366854
226711,3113920,8.062900211947342
227021,2141878,8.105007568047132
227091,1242,8.019667864981036
227161,3113920,8.196860949989228
227351,2141951,8.00632588409592
227440,424004,7.978320429934427
227521,2381753,8.005300526169783
227530,433138,8.012612359106456
227921,435689,7.989853235041413
228910,491287,8.6114540609056
229460,1738984,8.68669901399442
229621,374583,7.9698216148620045
230450,4251175,7.649889558598631
230720,5941771,7.949437698201857
230851,5679028,8.016326332847651
231280,2912968,7.580445283008357
231510,3795157,8.019755216437556
231690,2854540,6.946564947294432
231881,1469286,8.533843497697399
232370,717,7.443675143264346
232611,15311,8.069304578572522
233250,99875,7.51333064885311
233511,19071,7.9629117834414
233860,2077927,8.69818069309067
234470,273610,8.014396840769182
234901,326664,8.261662032962183
235121,6034,8.58571719302364
235171,1720918,8.1450084499017
236180,1100180,6.218738092016201
237030,305091,8.100194103513852
237191,5240974,8.007572657975846
237320,3758968,8.72458604583023
239110,1274157,8.039113011892333
239121,482090,7.99172942724942
239561,2753592,8.009388265101089
239660,2145226,8.575930731271754
239710,314889,8.388806724824132
239930,308125,7.9997595008515505
240031,462548,7.999901852708021
240490,230222,8.142765921059398
241811,2927122,8.32728165236217
242281,25357,8.574078209185817
242290,504685,8.007684699765264
242550,1767667,7.933533243444038
242971,1079,8.115282372928629
243221,2576730,8.046283726710044
243501,2435139,8.06742815511099
243751,2579670,8.726924123236698
243871,18790,7.814104480580877
244010,1198519,8.00607547377339
244091,3441835,8.57429644566975
244191,2308809,8.231925605440637
244320,460790,8.502177106277452
244761,2477635,8.55063416504296
244951,714189,8.163814021814986
244971,5075125,8.229074134140747
244990,1271808,8.06707712106094
245240,471655,7.985845133856753
245720,307196,8.230531100481079
245881,2198457,8.009134028177467
246280,2476538,7.991373131536111
246641,461022,7.93987221339088
246770,1753316,8.478303199179546
247231,449623,8.563278535609475
247851,514610,7.87587283331379
248091,122054,7.977944886374904
248490,2464530,7.435119816336414
248671,4641646,7.95079516414279
249090,2372666,7.912074257533845
249570,763611,8.151592885587874
249630,1250114,7.5111243234549905
249720,4421068,8.724346620388935
251211,3727723,8.687806444443329
251250,573120,8.600423202309372
251410,5119,7.991776548519982
251600,2473942,8.704297221495748
251990,982417,8.137385836528606
252040,304476,8.11331874184609
252550,2106490,8.051902241535265
253001,691004,8.604529926500467
253761,469966,8.249045655128752
254121,982720,8.22549611930376
254280,681470,8.06572276805892
254461,1546667,8.554517042323857
254500,2344017,8.083750241728222
255161,273772,8.000289452805399
255381,1730066,7.850323735945737
255700,4127287,8.003038195233934
255711,1836656,8.598899341863492
255901,2378091,8.008784710598807
255920,485341,8.029261659405659
255931,2238727,7.959773199594823
256290,625734,8.056078726488337
256340,999574,8.38764322802373
256781,2286120,7.998695821400878
256860,2300795,7.582906119756679
257041,2600366,8.243499699058395
257331,5108425,7.987575066149198
257551,2297476,5.697024050321263
258471,2221677,8.265303328954829
258491,1354194,7.892198513559457
258631,2259919,8.0368223131031
259320,2450614,7.999914702119694
259450,3853429,7.942497787654329
260430,1826143,8.599868686196237
260940,461023,8.04970157638514
261340,2470824,8.246295075354993
261551,459282,8.171465373388104
262251,826458,8.018818470157163
262620,464946,6.0353484005059554
262720,4029277,5.791900718700452
262760,3954850,8.147217796446176
263391,2340891,7.970399892396995
263440,229709,5.673294090963308
265481,4876090,7.997471907561895
266530,2604672,7.95894917369122
267521,2580260,8.636522570537698
268550,226126,8.442762563560837
268651,314889,7.946069100554716
268790,2409026,7.966803692608248
268861,5039041,8.008536160068422
268991,2426709,8.007413093078197
269020,6447652,7.997224511397528
269061,6841975,8.161466353388105
269361,4394638,7.959812007025321
269481,7078906,7.952093026325937
269500,975284,8.636395337980368
269540,22695,8.445549672503134
270311,305091,8.060783071446362
270491,5036077,7.5679212734712955
270750,1415586,8.253995597578108
271090,901725,7.711157192526098
271710,2318061,7.937705699759862
272100,1273027,7.406279565849808
272311,2436870,8.095151492857699
273230,1609097,8.391583892636554
273850,1253683,8.60501902629518
274771,502441,7.407600536600227
278861,304531,6.748790053880847
279461,2856001,7.987349685600512
279580,511816,7.921151693884769
279940,1552732,8.009049821592122
280721,4757194,7.94184153744282
281471,3083248,8.164318458956128
281531,468389,8.645279050297836
282750,4387630,8.22334442992568
282941,232739,7.121591596360696
284340,4143616,7.938790746220108
286610,3877819,7.950680342505335
287781,2214808,8.007574023859021
287991,2216183,8.115878772798538
290920,493188,8.619416917072602
293591,3103204,7.939845454018535
294480,470346,8.638668596363358
295291,2291653,8.094969184671669
296740,842340,6.677070489638749
297470,387779,7.478366429182024
299441,6841975,8.46130866760555
300190,1350395,8.279557011711002
301720,2463962,8.146826579194903
302910,1077459,8.000261386796826
303021,2427684,7.442942134874276
304091,485720,8.700514482220488
306890,1389198,8.310390825104381
307100,1339176,7.961534013681414
307151,2854876,8.319130870915451
307791,2602455,8.223826208675481
307800,8336450,7.950143054720357
309371,1118435,7.999410068901755
309841,1326209,8.15919458496142
310530,875930,8.006969913890595
311001,4421068,8.642167238976286
311111,830798,7.951253757438705
311610,1812537,8.090677092557193
312350,916431,8.487645112523447
313011,1774131,7.9935757017933
314091,32273,7.999766110831762
314621,2273023,7.948992007949678
314710,31099,7.999648683013514
315091,1689260,7.355118240024061
315511,328097,8.23758612497644
315580,4570615,8.10752424857506
315951,1097356,7.979348003955365
316270,312058,7.840694483681777
317330,3174526,7.923083433235609
317520,2531639,8.123116739199848
317631,99886,7.953200924579706
317641,4127287,8.033570755876552
317881,4020766,8.071044552431582
318180,2277007,8.119605927833902
318360,672166,7.864646101031238
320341,446448,7.945466566738495
322881,1957553,8.046467420330815
324900,2895571,8.009306187112655
327180,1139781,8.212918316833994
327950,2770245,8.655137291201068
330601,1362074,8.628788300839904
332071,364144,8.009068644944962
333361,2141878,8.169879677853594
335250,954946,7.957580315929479
336000,1281957,6.686395263663276
336441,103890,8.604024933285631
336450,2543486,8.057169120254661
337561,130794,5.673437312347188
337600,5220724,8.032954136850092
337891,98184,6.451655754090548
339050,479829,7.969753512874704
342291,7251913,7.997406350138411
342360,2463590,7.988749604818971
343431,4696876,7.931933206376814
343591,2918407,7.959860846727153
343620,244853,7.959677212908583
344110,2001351,8.00748704764967
344191,4731400,8.091066738797956
347090,97428,8.092014865563371
347811,2107,8.022521546405898
351800,1198693,8.243636735097843
351870,2482917,5.791761318040153
352390,1266045,7.160528351983803
352430,477264,8.589115163715816
352700,4897,7.660177015125888
354541,4018594,7.959696498254988
357080,4542781,7.954861736127555
357260,102172,8.040824394690341
357711,2254200,8.018604783935542
357761,305091,8.662831466518426
360751,501632,8.398838534201975
361950,840500,8.123718190981046
364420,533126,8.224161880182193
366020,160,7.896758561870142
366901,1326165,7.879914649354173
369020,851099,7.362352517720443
369321,2596683,7.950105614374254
369890,869386,7.941179128555194
371271,4073185,8.000413619470962
373620,2474323,7.8809513797632915
374171,4336795,6.092256882419672
377000,459282,8.716957731475766
377020,305514,7.912084086167464
377540,2273648,7.258501646657566
378031,1957553,8.051949332925146
379080,4005634,7.697464694420708
379151,2528326,8.009046701994729
381051,3036901,8.155058138703135
382380,1332296,8.477743219984031
382481,3756355,8.023777019056512
384550,2232796,7.124561389215372
385211,2287669,7.999544085272973
388170,459282,8.318727559516818
389831,265140,7.915154392942978
393551,2450614,7.999689599874025
395040,620988,8.151759452582963
396281,5041,8.008516522981644
397530,435903,8.5884529195725
397881,3952804,7.9779133597479674
398641,310397,8.04091943828866
398701,1350395,8.142401680183882
399481,167270,7.506016736112221
405681,2866666,7.989864290802978
405890,214961,8.181638966222035
406191,220841,8.195654980955066
407011,1703854,8.09316149658099
407031,3739819,8.723277090496232
408351,445931,8.215451534111276
409751,309002,8.171695373686541
410740,1923674,7.9315919942098985
410831,1436216,8.00432693782534
413790,842801,8.13782576376658
415430,1881560,8.023995972107707
415581,1325234,8.023953608782616
417891,851093,7.307280542363163
420040,104148,8.610734441110921
422991,4414693,7.971465114547272
425161,2693031,8.07627786926327
426661,2525028,8.103482930660673
427280,2311691,8.15907422966299
427590,1197306,7.933779168950958
427951,2353702,7.369877254114377
428290,3465649,7.974234233140406
429401,986423,8.167522574901724
429820,2348687,8.10094759392487
431391,4552681,7.959445177041701
437220,5063497,5.86668137152207
437711,840500,8.06679328883372
439461,4396336,7.688666125790615
442670,866537,5.5707437666854185
444290,2204362,8.013393827379225
444900,2467103,8.26706307003942
450700,254054,8.635079360975654
453320,5095009,7.997468402196933
453471,2131332,8.057283868863111
454630,2446042,8.308179994352587
454881,845896,8.005098423772385
455700,122606,7.859765620112992
459390,2574955,7.97904793107896
461830,399572,8.477765190473267
466351,499892,7.964341588345801
468800,2925391,8.652631004355127
470330,2435952,7.999066577331475
470410,315410,8.709826342751521
476691,2473078,8.708239313605834
483490,2448177,8.000217981398157
484001,2854540,7.117657601046064
485041,2334458,8.704410131367707
488121,4012591,8.107737962821735
494140,2444584,8.004755786330488
497541,2372666,8.491036427650949
501321,480547,7.984400475515809
501410,4528615,7.510859015511018
503101,2214811,8.078711659415701
505131,122843,8.151680311342128
508310,103530,7.930607423581282
510570,3534970,8.703629981150046
515560,862842,7.988388042613873
528270,1319281,8.220359901558403
529320,389215,7.997447987928178
529411,1720918,8.224967839959232
531121,2145261,8.045943283548695
533860,5165923,7.969043761926599
535410,2351682,8.148239686465967
536591,1340407,7.397764890254362
537430,2167097,7.019543962941821
537710,579714,7.351136687027193
541181,2524593,8.601799294786963
541501,2456705,7.982431843702601
541700,4182373,8.043820002267571
545040,15088,8.605453030134598
547491,1787350,6.796331325818564
549610,592415,7.649737308318671
550471,3730612,7.396951350234137
554641,2480706,8.04095105913197
556230,892049,8.177361698591598
557470,2467103,8.051678876296618
558041,130794,8.145464883258537
561951,644645,8.586989332980824
564201,2204362,8.612896170559122
565490,2577789,7.9981283545501585
569771,261545,7.085681035385944
569860,4400638,7.647338413616789
580550,2930800,7.950248339066208
581711,1858824,8.599409268259084
592411,4000258,7.995174065041985
592451,1726513,8.027542917269317
595691,3852478,7.265836061190148
595790,3088066,7.931134044426489
599521,2312450,7.999606154827389
602600,1819862,8.0172203207842
603250,2856193,7.966240090789063
603551,458591,8.45234982789978
606281,822326,8.303364085874662
606841,2476107,7.899250643585818
607021,1154948,8.06705656207879
607681,647093,7.88444909105664
607921,4873261,8.250173287664978
608230,1679042,7.39645747405032
608610,4352317,7.991882554165078
609271,361725,8.062634561267835
609660,1796985,8.12513823264378
609920,4148833,5.848448860902828
610391,546185,8.024879466036131
610891,282223,8.589589300075739
611200,424004,8.098010207193363
613041,2381263,7.966093247498323
613151,3730774,7.784202744959767
613651,304786,8.505256158470727
614611,10890,8.615667203905925
615741,839851,8.427737936216358
616451,4181938,8.007525355243173
617691,3082987,7.50620641170717
617860,1625598,7.997549149973555
618120,4187119,8.107704060379714
618231,4645801,7.995683915265093
619001,496089,5.642856894321062
620361,677106,8.661438923191207
621251,1918727,5.551194778866678
623060,1957073,5.655034773361327
623781,5221645,8.03302702166628
626500,4020310,7.439473915270531
626610,197409,5.638556186144338
626620,2375878,8.595420291203691
626621,2145228,8.59349441954793
626901,323354,7.96019959989247
627391,30117,8.531503186604805
627600,826078,8.311219270883525
631271,1354988,7.988171904790866
634101,1281957,8.405977653341614
634691,1819862,8.021926667457661
635551,2341451,8.607961699265262
635590,4421068,8.652254598130947
636831,3895942,8.48829580756725
638641,3262102,8.224559051191918
644271,471978,6.629222523353207
649060,2254200,7.948205225148496
650320,1295449,7.992968856034948
653091,2254200,8.342903235224739
657810,2599190,8.33287117668619
657861,2456197,8.056302903688028
659091,3836728,7.861460878430054
661070,33078,7.999481182519333
661631,2287669,8.004565164422438
663191,3956947,7.929028452256769
663611,2261085,8.07625454955369
664191,5158702,8.541343110772972
667690,395324,8.617672330132832
668651,2216045,8.515342017212392
668821,2600366,8.692118264659536
669080,2408030,7.939032342897488
669250,571911,8.066102171111888
671051,2344040,7.165909896190239
672540,32964,8.59176825865972
672990,2279426,7.9457138179439495
673810,2254200,8.555317970567511
674130,873287,8.26946739153643
674560,281919,8.023307169425372
675840,5186470,8.285796814176754
677571,2283303,8.066756134203294
677861,2463719,8.59969342391817
678831,7303735,8.652631004355127
680751,4304347,8.723289145723845
684470,2157809,7.993562997667812
688751,2349047,8.115034100148055
689031,2334513,7.827646693783422
689800,220837,8.292369409689428
689920,2217790,7.989394962871184
690410,1956164,7.960235643037186
691860,2952271,8.68114375802111
693560,272183,5.796329122894663
694711,244328,8.197767262657804
698921,2759493,8.11528159641346
700080,1350395,8.142401680183882
701710,454746,7.976323605947648
701741,1098150,8.596611140536014
702890,2460999,8.083896509699931
705010,1383813,7.977805760562357
705970,5332672,8.12787471457837
707710,2236358,8.613795523986468
710520,2207103,7.24761466200953
711591,2224056,8.052215619258936
712201,2599288,7.959768495284287
712770,2438238,8.236854274629202
713561,1123680,7.995614072384146
718180,2409026,7.8923424266054765
719751,2248860,8.600587428214652
719870,7739588,7.949100527477392
721721,1897536,8.294723821489129
724531,839851,8.282232946217654
725381,2909287,7.959696050056381
725831,2575584,7.893855128394097
725950,120846,8.551693503822964
727991,2930800,8.006081845987975
729491,1280602,8.116806384360302
729670,1721523,8.608645797581605
730391,2473078,8.134919363831871
730411,5690488,7.977698038261267
730921,2341451,8.089223866655566
731961,1786160,8.160858754529235
732491,19038,5.84822032661212
734061,2212447,7.255024631860211
734701,1819862,8.035344070777109
735140,36960,8.136345262770854
738251,3758968,8.670960962301239
738521,2141951,8.258644117496324
739601,1330525,8.669714129527504
741351,491287,8.079028693195133
741400,2123069,8.68419517788881
743321,218103,7.4778452366739785
744050,1345763,7.9581744689139295
746141,196603,8.640436820169173
750520,2327753,7.959177531367908
750561,2338877,8.237063350453377
752741,28642,8.511229650274345
753661,2988286,8.607067599813405
755140,2423293,7.370418658559825
755491,1941429,8.088613954169075
756470,4300483,5.714660933383718
756500,6299320,8.223963610396325
756811,2251423,8.066652030994923
758760,584,8.385496187270148
760361,2431816,7.919363565689016
760761,2993428,8.042714827953645
760920,2575023,7.998881994338941
762011,25357,7.891155415314904
765261,2225151,6.597655382270824
766471,1240867,8.034258055255762
769220,317,8.137262365770402
769600,1674094,8.482603560038259
769671,2128059,8.005251111350494
772100,488981,7.959378963480601
773891,7102447,7.108682756148528
774041,504193,5.626953954198599
774471,1338152,8.649543683382948
774520,1730510,8.576803323746981
774540,2254714,7.438560998460646
775160,2348137,8.081632566951342
775230,1923818,8.639222404877824
775611,433856,8.000653345970683
776040,9427,8.004080183034961
777041,4227847,5.849517779877537
777771,2539301,7.250782146619156
778061,478939,7.371537940344497
778790,6039676,6.892383505828777
778910,5321515,8.026337772913296
779190,424004,7.62083314517203
780210,2893579,7.939601436493954
780260,1204668,7.931204323388958
781680,2588406,8.610182999788458
782291,4621750,7.96031609619007
783170,2595422,8.084085220733023
783450,2449615,7.962111489577511
783741,2470650,7.782681117644871
783881,1363237,7.999343973392507
784401,1446974,8.137274827420864
784561,2286863,8.6522656467305
784610,479829,7.9899253016910965
785721,4421068,8.652254598130947
786150,130794,8.145464883258537
786711,441119,7.984489485370333
787190,719748,8.612359687011802
788021,125912,7.998984826315998
788380,2113879,8.141561680257745
788930,4782199,7.95977933216839
789131,493936,7.939197177577247
792940,24606,7.9646944360349154
793261,5142181,8.38535451697114
794031,2606099,8.100287250161724
795071,2879581,7.195339574394651
795190,2444108,8.596009749462969
795820,2390160,8.638432208315491
797031,323172,8.24916886260051
797460,1281959,8.699551912228053
797591,4199539,8.344752405251937
800180,9746,8.568589694396236
802750,2234272,6.10564689755913
804960,4860706,8.590452378181373
805021,196603,8.647385103398259
805161,2525634,8.082702148078416
809271,2424823,8.038597805858242
809970,1197767,8.572458366897344
810131,551368,8.012988737966435
810251,4967446,7.938918266452474
810290,1240867,7.683438959075685
810760,4741888,7.950235240501603
811770,1933059,8.231671622756469
815221,463181,6.6145628612996985
815280,573666,8.053116922100694
815641,2599190,8.727075922544943
815890,2604421,8.057243279399287
816281,4659631,5.791328837096492
818641,321186,8.308836539337339
820281,123435,5.76847639381636
820320,905945,8.513375984638602
820731,455374,8.103393215098379
823370,1723866,7.967564694015533
823431,3693229,8.678299645582069
823720,2231609,7.256946513897481
823801,2540482,7.682694538661943
823991,2866666,8.481598762380418
824281,2482868,7.982868685749183
825111,2191583,7.903177022892031
827040,152915,8.097505088084239
830610,1902534,8.602834730456495
830701,2268254,7.9650780058383805
830940,13295,7.959463061432165
833321,2324521,7.624826060355071
834281,2371625,8.00340048879978
834720,4528615,7.742251454887919
836160,2864224,7.931129708185904
837040,1609097,7.996815347594403
838631,2197478,8.147769675684565
841531,3834205,7.805615512527155
842821,1122607,8.019067943774498
843591,5146285,7.949717251877893
843750,2295424,7.982793619321199
843871,3160264,8.228684203475039
844360,690802,8.55628759589886
845780,112373,8.58695132364648
845880,2580152,8.59184441813799
846760,520845,8.034746098047453
848261,441905,8.000007030402964
848471,3796639,7.808913517627356
851971,8467358,7.978416096485696
852091,220837,6.242321878827795
852350,445212,7.404713504265958
852610,261647,8.687806416454716
854741,4582966,7.959917836287257
857010,2485642,8.251207980719311
857030,1239169,7.998688140167047
857501,2575669,7.880423928035002
857961,532849,5.849283189141833
859540,2588406,8.004665558080182
860370,3095038,8.161460467105996
862191,306116,7.9196742103135565
863141,3693046,8.582018992164535
864390,2571359,8.025274885499922
867151,114116,8.00322391508166
867781,2525634,8.130382844194141
867791,8467358,7.9996446571283135
868231,877540,8.553194506997368
868590,386964,8.082535719395194
870440,1227904,8.007863260992773
871370,2254913,7.999151957075994
872411,2214808,6.600356939632502
872780,3449974,8.232208475161633
874990,2429099,8.713565409683211
875420,466560,7.980641822673795
875621,452668,7.9381943206645404
876390,5252320,8.039201317878799
876990,1202394,5.640893383603755
879540,38618,7.91727411380023
881831,4421068,8.652631004355127
882111,1100180,8.165495927647637
883471,4421068,8.652631004355127
887281,1609097,7.987038028081444
887541,449150,8.379269167989474
892170,481608,7.964626252197213
893191,195024,8.708612709520008
893761,465230,8.006791696285566
894241,2448177,7.984973636969241
895380,307583,7.96594640305955
895461,863676,7.959213514669926
896040,420807,7.977098546302378
896601,314889,5.5577276682545
898531,1117456,8.007888671231104
900491,523498,8.669509175641915
900751,168292,7.969930323161627
900950,198804,7.3599390470593065
901340,877575,8.511831787415286
901430,4018180,7.373839223734942
901700,4177156,8.087381332335259
902210,309421,8.06022515552627
905671,402609,7.807838083105896
905741,5630,7.903911513544313
907360,857579,7.4337244787774654
907460,305222,8.612310603324529
911691,3989056,8.076489079729877
913070,3905386,7.343774067815473
914150,3006487,8.669713217941464
914941,886105,8.034537633556297
915050,465224,8.519421623990915
915351,314415,8.632797374230043
916900,2372666,8.011409097408631
917090,1056685,8.02493703864584
920580,2550055,7.981411448710774
924361,2248270,7.920459020364225
924970,447400,8.337377702382701
925151,2301271,7.989086540785171
927241,801289,8.216100347949094
928371,564064,5.791499167310655
930081,2474458,7.921208266385155
930101,4420918,8.11602754725158
933211,2337097,8.061191141117998
933500,2274542,7.91012745575827
933791,4770895,8.050446067985293
933820,3913870,8.598456893984174
934820,2486212,7.7585389734414445
935880,2229477,8.095856531439496
937040,572963,7.981780293419576
937450,699036,8.71886485898082
938690,305151,8.016229399776993
940701,2180196,8.026322725639044
940830,1266051,8.025476102069742
943181,2144938,7.858799201522519
943660,2476507,7.879887881875231
945941,3773965,8.149884623564533
946170,4018180,6.842308997173503
947630,2463604,8.123654349836048
947861,426367,7.977047943416953
948371,2752472,7.93014153119783
948430,2102504,7.999562569048694
949170,2160485,7.998448497858987
949950,1361273,7.999827186223688
951400,1670003,5.5626905199571866
954051,2425171,7.94977633579876
957940,1309614,7.939015996962862
961890,449381,5.647637290916922
962940,2534924,8.06858005833317
963341,2534924,8.104541642969979
963970,1753357,7.982594840893874
964111,722868,8.612451944436117
965600,234493,6.01880977356135
967050,2423307,7.99963681902418
967381,310624,8.025603174823233
968211,396779,7.124369972318134
968581,1928144,8.000238642940532
968730,319756,8.152399571768308
968890,2342927,7.369770926340355
970980,2317712,8.341934341789937
971561,200487,8.060468531377357
972600,2770246,8.059960482100287
973310,2407015,8.01928949190359
973721,2439484,8.248397090064751
974951,3182068,8.02043312868443
977951,31099,7.7423954108877435
979461,433404,8.032488919040059
981460,380428,8.097862395551246
982680,2133453,7.991480021610147
983410,3174526,8.599164462000259
983530,282916,5.796501727694173
984360,648708,7.251351419041587
984381,281919,8.022141978104045
985070,2167310,8.023792908519695
985370,1770494,8.151774618802751
986460,5168293,8.716953366239911
987321,310397,8.016622084590566
988391,4233082,8.112408054687561
988921,4149298,8.703630001001045
989920,1336574,7.886200186035427
989980,484495,8.042201271810606
990931,3843706,7.92290669095418
991141,588599,7.989633940659199
992020,2551767,8.051688521896864
992240,1556180,8.645240172098005
992420,4233130,8.596923125212614
993960,2301271,8.029250579642854
994150,500241,7.913897638540232
995000,2430664,8.05962073234723
995151,3848248,8.249718530811908
995251,2470125,7.975314641737788
995361,1703909,7.999669559841404
995651,2348040,8.369047721334606
996391,4000258,7.985598841839594
997340,525338,8.651695455726976
999171,3113920,8.099137481823217
999720,4783621,8.228767497962293
1000230,327614,7.507916049227587
1000360,662256,8.323448856108872
1001671,3741781,8.151681400605042
1005021,620289,7.997388924444325
1005571,5917402,8.013009653357738
1005681,1227904,8.173496677927556
1009840,33078,7.911043690843365
1010030,2374653,5.555449358955956
1011381,324395,7.50336957220408
1011611,306399,7.696617527919534
1011810,324966,5.553122141639767
1012170,3996787,7.53668954206674
1014301,2390160,8.047450668771388
1014420,2473078,8.693653497940709
1015811,1280001,5.5689158579003495
1017531,3113920,8.64370711532251
1018520,2373399,8.223376324867033
1019161,451550,8.230922761362349
1023461,2325940,5.79642702336135
1024460,3593485,8.082932753958593
1025461,25357,7.989123891846723
1027180,2753592,8.01859626510109
1027971,862842,8.47392126825448
1028271,1301404,5.547237914420309
1028661,2420390,8.72598009072692
1029071,3442984,7.966516150339357
1030971,2141951,8.065063125984986
1031091,1923818,8.059713321747893
1031171,2341532,7.998758776810465
1031881,563371,7.7854783495821644
1032200,310604,8.700450141210753
1032691,1118435,8.456873581378886
1032841,3001768,6.915726355097195
1032901,3174526,7.9994896563664035
1033460,2321956,8.691889170031688
1033531,2598359,8.725031621388641
1033630,1856623,7.913208672181122
1034341,1303351,8.031182761555977
1035510,2353702,5.560803080201735
1038241,217687,7.959779119924229
1039051,2603159,8.2321127910562
1040561,431399,7.4255704243638805
1040660,1222953,8.600617234376994
1044831,504193,8.467134437320183
1050920,2463176,8.501620258884433
1054781,2427616,7.58055888970943
1055350,1462245,7.999818360039478
1057790,3776917,8.100482472735214
1057960,372749,8.019490788501352
1058880,1281959,8.281136062481032
1060421,2186796,7.078627167682274
1061050,3834925,7.983647912790603
1063211,305851,7.9096221561984255
1063601,693962,8.014709020438692
1063760,2251427,7.973301436961036
1064071,610015,5.722618262889464
1068081,1724836,8.047068312357867
1070571,1593466,8.604522166482612
1073851,3920092,8.650848454621318
1075671,4755325,8.531901444642958
1076141,1382966,7.512005310421792
1076530,498997,6.678432302677062
1080820,2303346,8.044682709236147
1080981,1379172,8.02217941948291
1081941,2694951,8.496223091075798
1083040,1098150,7.986081423237636
1085330,2240355,5.565741399804764
1093451,2311691,8.660843281466487
1095490,2288708,8.000302258833818
1096960,2406619,8.391550353726533
1097510,388401,7.9575231297995135
1100610,2214308,8.585913610564818
1104931,2537878,8.709320685355912
1107300,436461,8.012079530046561
1109290,316533,7.66645683489995
1113380,672664,8.722327563335917
1115050,2177258,8.721437720129163
1116241,476688,8.593894283357326
1118140,3262102,8.323750137439651
1118401,5000191,7.618415006159722
1118461,2575827,7.964655452145601
1121461,3011713,7.8914618863367485
1125980,219684,7.9675065753522185
1128941,2694951,8.031831482844726
1129990,312223,8.378895194760256
1131460,2548408,7.983135311501638
1132140,113462,8.722159266173582
1134671,450096,8.160166717915734
1135931,2205227,8.011305515424102
1137901,4421068,8.662236984355127
1138710,2192677,7.977133214312991
1139580,572338,6.277169083197733
1140201,614887,8.004495193706155
1140211,2234008,7.645817884821703
1141040,1799746,8.225071759777867
1144631,272375,8.283804525251396
1146140,3605146,8.571915817314554
1146281,556509,8.057452579223561
1146961,3723772,8.062598752954946
1147510,191793,5.777579595143592
1148181,311412,8.112232952929515
1149980,17686,7.950394803387421
1150001,1208914,7.956718895452524
1152440,1928144,7.933027919485197
1154321,2459218,8.717106474767293
1155670,178836,7.345119959576051
1155691,5135062,7.976330766178396
1155730,2220416,8.235914075131202
1155841,2575859,7.289021277583132
1155950,1796985,8.032012372239219
1156160,424233,8.009138449884873
1156470,3901693,8.724942200791823
1157141,1363237,7.8934376615716815
1157810,215689,5.774485312886223
1158501,2463719,8.522929006618378
1159090,2243421,8.72356342983221
1159131,2591961,7.800322005131298
1159930,445334,7.70732104816874
1160161,689461,8.65475969123887
1160891,1306528,8.406052333645626
1162481,975284,8.047009039563356
1162851,2221524,6.360013547670116
1163201,2970109,7.3436733082800805
1163691,220841,8.032371905976513
1163761,876143,8.356405691483188
1164140,312223,7.880856786463183
1164521,2287087,7.603786386828779
1167181,2236294,8.45987790450422
1168320,30117,7.9132406338660575
1170300,2591631,8.030951371635279
1170410,2195097,6.4704224559102315
1170750,1766131,8.526083864664498
1171040,1593466,7.990174998468332
1173301,2592020,8.143436834045607
1173360,327556,8.001679454862218
1174330,3758968,8.642750598130947
1178630,718924,7.959520847107054
1179251,2226617,5.675864514622049
1179571,1813651,8.600225530004964
1179601,3956962,8.048624644711019
1180470,2200455,8.016150635473862
1180530,8467358,7.983325919814384
1182391,2452376,8.723288145872845
1182601,625273,7.534731933549339
1183070,556903,8.598853738500921
1184411,3776947,8.623048968672782
1185510,2248720,8.542485156046206
1185671,2587281,8.161870569870826
1186400,2460379,7.918204710607488
1187571,4199350,7.659720033446705
1187620,6555745,8.002471378651563
1187630,2390855,7.959811680778923
1190440,29649,8.186749911884851
1190761,33981,5.565835557806793
1190890,5992732,8.670861101784
1192120,2348137,8.622616239319026
1194920,748998,8.687806416454716
1195590,466560,7.96103568300925
1196551,2575859,8.007114690168589
1196710,625277,7.29090055086245
1196951,3713641,8.037602094438444
1198441,2574955,8.598484369342097
1200741,2575455,7.933531368818318
1201800,281659,6.678636772099994
1202631,387779,8.006834045078081
1207111,2209477,7.995286694963228
1207310,1957553,8.60269219785149
1209840,1730176,8.003359961725003
1210461,2149094,8.039476698684734
1212391,2335521,7.988802270390347
1213321,1785776,7.610263623379876
1213490,1759372,7.959904826257517
1214591,3912373,8.031129045660151
1214811,4210483,8.006756089990139
1215181,3796639,7.925852691395543
1216370,983043,8.005869869686727
1217090,1224463,8.32845849228077
1218610,5081857,7.964627468595754
1222301,1098150,8.014606357172578
1223530,2259490,8.682016604258106
1223981,473924,8.097100672499682
1225881,2608564,8.032812786881998
1227581,840500,8.046755850119679
1230391,2214305,8.10158026321414
1233631,235965,8.60415580302476
1235511,665181,8.059670071480456
1239211,1000901,7.26143323585766
1240041,1298393,8.08303749660921
1241760,4560877,7.961383539657616
1244101,2195786,8.6943242842064
1245721,4734631,7.813991982780265
1247220,327248,7.997581733437608
1248770,2461005,7.511045965308769
1250291,1960625,8.225032623321471
1251181,531276,8.062524972455131
1251800,3011713,8.0085399323798
1252051,2106821,8.00000963020707
1252360,2476128,7.697550931815024
1252671,543992,7.528693382996524
1252751,1947821,8.000659263025167
1254890,2295644,8.02498361122288
1257011,1138929,8.657966530691779
1260621,1251577,7.578720432111741
1261590,313514,7.977303579819278
1262381,506211,7.986128495737328
1263631,2577789,7.271044290262072
1264360,1296115,7.99978543824897
1264561,4618810,7.960264165127202
1264600,4300666,8.249647558370699
1265410,2531639,8.205282449979874
1265770,3109825,8.228800134831
1268011,128769,7.9999059400522565
1271450,891921,8.672165559960229
1273211,2595339,8.199889780565435
1273760,2146606,7.97794084943562
1274750,2527562,8.014920575759131
1274810,492070,6.587894460180287
1275850,2251423,8.627707865605554
1275871,198007,8.661752788932619
1276181,5273482,7.511148006419545
1276770,2101235,7.990929918007311
1280891,4096822,8.223603804870754
1283621,2351675,7.932659857940307
1285531,2260524,8.107425150482115
1288051,326664,8.225834917298979
1290401,221656,8.174286278431133
1291861,4292860,7.572283031583927
1292020,2980093,8.56850464418861
1292811,232739,7.992360119324014
1293251,484472,8.718401066333465
1294111,445922,7.999742158120044
1295941,2209477,6.633340545478136
1297850,215815,8.570975685283127
1299441,188566,8.53178408217373
1299500,102678,7.999715283933561
1299730,2425766,8.724730074927297
1300040,877888,8.121407419162942
1300051,1739614,7.945038179986722
1300360,1817498,7.345561503914794
1302971,854313,7.95202995269496
1303291,858245,7.980339245720761
1305741,1119822,7.255250655161346
1307320,6346183,7.952024390248586
1307891,312069,7.511877826190264
1309291,2571359,7.978910376373219
1309461,1454145,7.580577484573265
1309671,20,7.761704591865952
1309711,4210483,8.043903523665561
1310160,2251382,8.471809741778417
1310910,492609,8.015632806472452
1312831,971053,8.01018870746268
1313000,4419994,7.938868389174599
1313520,2534924,8.12440592387731
1314121,2057758,8.178536792551206
1315860,4032,8.071471311015802
1317021,2551767,8.10595994518498
1317200,448008,7.97647379840419
1317621,327451,7.880010847396364
1322540,1889060,7.2983391409884515
1323321,18628,8.671747387242185
1325220,4712302,7.960448455342662
1325591,1808250,8.486716590370705
1325780,2856193,8.00991268257739
1326331,4583689,7.651891454788909
1330390,219553,7.994134804272747
1331120,625734,7.959498363431717
1331750,619398,7.961050383379143
1332500,2886694,8.671517994766905
1332771,219168,7.865284403092054
1333630,5061274,7.979787039418881
1336590,687266,7.995621363615434
1337641,1679042,8.002416611457107
1337990,3959158,8.330939101680466
1338141,885900,7.948821441709613
1339420,2133453,5.556305774848201
1341161,2444717,7.998780435406489
1343881,1214445,8.595254456853334
1344480,5014516,7.968527079066559
1347441,3756355,8.282041772338156
1347671,2327549,8.205641959841575
1348250,1035814,8.043388427844471
1348580,464417,7.959988708758667
1349220,6841975,8.031277337779335
1349531,6259327,8.697212424443329
1352990,5077927,7.385231787309441
1353860,3026,8.0278294329576
1358751,2369247,8.020687486119334
1360981,420807,8.003172649366352
1362241,498948,8.560753928187577
1362450,486698,6.012645471091421
1364071,3713917,7.041214642683712
1364570,1351759,8.676437897957445
1364741,2482461,8.035343509827477
1367271,186343,7.9997354348646725
1367631,4197580,8.073546884299178
1369131,196603,6.777695620241037
1369150,986032,8.600234643392596
1369451,2236451,8.548981521302283
1369500,4421071,8.039335974449083
1371571,450195,8.576474423359178
1373260,2542794,7.818352807417937
1375761,2452390,8.081442605764884
1376501,5076685,7.980235835956674
1376970,1649658,7.6407325529943
1378351,2573241,8.164045250328376
1379311,1198693,8.24237837773129
1379331,681470,8.04585848715159
1379820,106874,6.033999370066819
1381710,2290118,8.203472839293696
1382350,2587700,6.973874517083592
1382470,508630,5.8492973073991905
1382510,32520,7.988046869408083
1382630,4563736,7.959523321170712
1383090,433704,7.267250357660856
1383681,317,8.69171014857918
1385271,2936857,8.429365208358634
1385881,848253,8.708691133587864
1389220,264319,7.858377149327299
1390490,2404810,8.65274541576181
1390571,2236358,8.494478306827963
1390860,2437237,7.993799058141304
1392700,4801726,7.964702172928577
1392801,2351675,7.999765021419171
1394150,2309327,7.996233485794357
1394761,2546313,7.9999946692860195
1394890,2104285,8.223721478404018
1395251,4255930,7.961048980574145
1396491,2334937,8.54073287913007
1398060,2311845,7.736403828832583
1398300,2214811,7.631935095599343
1400371,2364500,7.978497707408965
1401100,786350,7.911251876570067
1401121,145975,8.534192947877983
1401661,2157823,7.992258811273042
1401711,478660,8.555028886301313
1403360,2216349,7.402053570083499
1403880,1121649,8.590723423392527
1404231,2391259,8.028214068643734
1404340,454352,8.12705953731998
1404440,2467065,7.707091208073322
1405141,224489,7.8603173865983464
1405220,2209477,8.08754114360434
1405421,4760008,8.2422594478
1405431,2460999,8.127709632080716
1405610,476845,6.373454486134635
1405790,5123986,7.97544538318161
1407560,2186305,8.252551939692577
1409571,2371625,8.60382841324107
1409921,321157,8.034810807296488
1410061,2598546,8.508813733521182
1413000,380428,8.379772693487356
1413740,2303477,8.264230238329322
1414981,3954634,8.607545143349972
1415981,463181,8.269479018338133
1416990,4678459,7.971582105648137
1417211,2354461,7.979560055783698
1417341,2539322,8.372792939044318
1417360,2311921,7.372669919557704
1417651,309706,8.338063997992888
1417921,1016104,7.943839001343085
1418051,2433623,8.062915098689972
1418730,431507,8.643737854436894
1421051,1135392,8.669806209527504
1421340,2855884,8.014882345339434
1422000,3534874,8.726198686891959
1423311,2587281,8.161870569870826
1424420,2695924,7.421436181154292
1424641,2309527,8.004265943479611
1424670,1296115,8.191889360508224
1426600,299314,7.983929548670205
1427121,4301413,7.50597402330928
1429970,1285422,8.669713217941464
1430660,2261392,8.307698060607247
1431260,3790435,7.953106797423005
1431341,1609097,8.598914547102382
1431371,2388500,8.58489675144396
1432000,4183999,7.99861533797264
1433200,2213967,8.115213275721796
1433441,2543486,8.05717802610755
1433460,483655,8.432078339449538
1433790,1249436,8.211517544867775
1434091,3774040,8.460265564230493
1436830,2053462,7.933549953652678
1437721,317097,7.735707726565162
1437811,2540493,7.862272282846864
1437820,3061525,8.229558722424688
1437880,4637704,7.964710564607062
1439711,439932,8.223438354894883
1440250,1796985,8.016983816221963
1440310,3262102,8.701435420225947
1441160,1717037,7.864392521715249
1441230,2390160,8.037010019563358
1441661,696139,7.964809400106754
1441730,2604995,7.9891554272580105
1443380,2551240,8.321279334819806
1445290,2092314,7.856527348705513
1446781,1362837,6.994426059599652
1447151,1318253,7.981914798108156
1448061,1296116,7.883261238827187
1448111,545762,7.373518418264343
1448391,1679042,7.949136700436911
1448400,3881791,8.011152940355096
1448410,2029701,7.982360465784238
1449110,3847987,8.016746572114405
1449130,1731131,7.973389764012327
1449261,2573197,8.422549395952888
1453551,1376069,7.776514693178256
1454440,1240867,8.059051548885055
1455220,4614520,7.964789596534288
1457031,931342,7.948204258405315
1457210,632089,8.242581725707668
1457671,2356546,7.119694999615777
1462020,2092282,7.998644132759284
1464240,840500,8.066802194686609
1464490,444586,7.9631703847539805
1464711,286907,8.7207867011918
1466361,496089,7.494505253967456
1467300,2291653,8.020799142103918
1467360,166897,7.370716055576661
1468191,1360858,8.11705583972588
1468701,4580896,8.223988824279632
1468930,437626,8.277694648128316
1469540,503972,8.007612010152593
1470600,1332296,8.681546622177548
1470720,2333000,8.01871948344083
1470991,2466110,8.551237261282713
1471970,1918727,8.19132999759813
1471981,2368558,7.9960233479326766
1472060,4273081,7.974570588428149
1472460,2145027,8.019280690909412
1474061,313148,8.08492769717244
1474801,1093633,8.03018276468473
1474981,2518267,8.06252203040109
1475901,2372666,8.011246214445126
1476930,454352,8.05056556705196
1477180,529,8.598549656993784
1477211,2231328,8.01117247144164
1479041,438402,7.990341632331744
1479251,100691,7.869434437364844
1479380,2249514,8.060653384108182
1480231,5264873,7.936182244484007
1482680,1079,8.29958726135176
1482690,36960,8.716284797535565
1484461,4664971,7.960087152354717
1484781,554183,5.692046318340713
1484841,2215245,7.319750629685031
1485391,305936,8.00302239433476
1486071,1382181,8.045648894315834
1488320,119518,8.001062740207365
1488600,2553404,8.559486963310476
1489361,3893602,8.724678042431197
1489670,6609733,7.9132455938660575
1489861,1360858,8.097188911361124
1489981,971769,5.626015165160099
1490940,33078,5.56575329496004
1491431,235066,7.996932041803734
1491711,632207,5.65835378464166
1492231,2180196,8.311269895015338
1492650,428685,8.134824654175823
1493080,1169490,6.577127183576436
1493190,5233591,8.228681511340122
1493771,2324419,8.019673723482414
1494260,482423,7.296222069695506
1494950,2368666,8.12801446138649
1495350,2274542,7.967562672496755
1495721,2579670,8.1956509222618
1496471,2372666,8.262954190151879
1496881,554261,8.599078693139354
1497101,248926,8.449466323163765
1497630,2299015,8.028264714641749
1497671,2878405,7.744077203658788
1498010,431508,8.058955429901784
1498091,2357393,7.941680068834045
1499391,397752,7.900699073086973
1500380,25357,7.971726059577216
1500581,2219783,8.137147360911865
1501960,573120,8.638789563582495
1503951,822326,8.305208343269836
1505120,5267215,7.96005668497707
1505980,2438727,8.645376523856992
1506831,251144,8.693438716150263
1507420,811226,8.566529899202324
1507520,2290898,8.618206850485691
1507720,2429844,8.247927695714608
1507721,2897932,7.423067646456006
1507741,2548176,7.979356686030166
1508830,1345195,8.228767999739032
1509240,2524799,8.409650196979516
1509741,4310110,8.15185950315751
1513781,4563736,8.133183615979222
1515090,1035814,8.60482959745277
1515541,2291664,7.999702500311124
1515630,519201,6.590170026642545
1515711,853529,7.844343748971283
1517321,2285402,8.315233784095414
1517420,504193,7.977033253156246
1517681,1118435,7.985070791786019
1518311,460986,5.848687102078524
1519820,2878915,7.99872551742621
1520570,2524593,8.083712929849728
1520791,2462632,7.988955994942595
1521081,4783177,7.964440398588795
1521251,2470824,8.332906733689327
1522420,1814735,8.020589860604925
1525411,1802662,8.076085705284203
1527060,4421068,8.724348053336
1527730,4851751,8.1999056499687
1528030,3465547,8.65266281291202
1530070,8369,8.007702191419254
1531440,1930121,8.115346968578965
1533610,5012920,7.999218004181835
1535390,2349719,8.213070252748702
1536321,4096096,8.050776021769865
1536520,2537878,8.085964154203294
1537471,2370751,8.726853066970355
1538311,316274,8.056620584115445
1538650,3917047,8.027437372217388
1539150,2254913,8.344077660219611
1539881,2225251,8.038266466135386
1540201,451874,8.249632133623487
1541801,455217,6.608519418570015
1542771,4771741,8.12153158188362
1543281,2576915,8.396062843830368
1548481,1208914,8.035082606303925
1549340,4393012,7.923020311821955
1550591,1354963,8.678299645582069
1552271,2333366,5.780569583448093
1553480,4629616,8.011187837075763
1554990,30117,8.047629213700393
1557120,2524799,8.700450917725922
1557921,1804972,8.553652576954988
1560980,2311691,8.68240348199951
1563050,1796985,8.616134743733364
1563751,660725,8.033871280199339
1563931,2595425,7.600635169730027
1564120,2649388,8.036988400629182
1564181,2353024,6.5414494150916624
1566240,389215,6.299861515746635
1566550,443466,8.074840934643854
1567150,2229477,8.449008307649379
1568240,4575052,7.93114025814446
1571630,4298218,7.975775781875201
1572411,486700,8.189393443049477
1584951,1957882,8.526584173643062
1587291,2359505,7.989426213294638
1588500,308364,8.717933681220007
1588890,2375018,8.040844251388044
1589550,445922,8.017664674524323
1594840,2365720,8.02251270345393
1594941,4173142,8.652187620727302
1595450,1726761,8.04890572547587
1595790,2854876,8.630071271918322
1595990,170727,8.110856896568096
1596501,443493,8.391279904131746
1596710,822326,8.707725369947173
1598070,4421068,8.705816274877336
1598890,2102504,8.603979675541465
1600751,6892,8.025750788165249
1601470,661824,7.8646012442019755
1601810,318745,8.553562302614052
1602451,1918727,7.977073602022912
1604570,541088,7.932541973010103
1604710,3116707,8.561301726981977
1605811,2610042,8.303638232474812
1605910,2926774,8.687803645582068
1607631,521290,8.52252612838522
1608721,1097751,7.964553845340085
1610351,4812754,7.99856516400618
1610701,6053000,8.58908550784356
1612551,692537,7.972937926673268
1613280,2146606,8.013528891854946
1614061,431628,7.3626639062494394
1619631,887229,7.9800783099654
1619800,2424257,8.070992227842332
1620260,557670,8.086666955809218
1620801,2189592,7.246236819091853
1622980,3419017,7.363056375096347
1623800,2587281,8.299209731848292
1623830,2288570,8.565220778479123
1625550,1122175,6.373454201617924
1625810,4943719,7.959628986626616
1625900,2215214,8.533090781802768
1626450,28302,8.018175627045048
1630370,4005907,8.11233329381196
1630920,215689,8.014564378828807
1632391,3307186,8.006222240770906
1632980,3959167,7.929967072549266
1633870,4411279,7.964718782287626
1633891,1382207,8.074536398273263
1635270,2453142,7.823057327750783
1637121,1083882,7.760942480981413
1637480,3956962,7.951633515838297
1637661,2199464,8.029603038262584
1638111,617505,8.013479911567902
1638360,3706999,8.146677333409038
1639100,2666484,7.995279506808413
1639691,2730494,8.115514245133348
1640210,2599190,8.574668712206337
1640501,2537878,8.114973682954066
1642210,668088,8.658446587842432
1643330,2575023,7.9634015801863
1643890,168799,8.582418952153883
1645400,16205,8.570209749418813
1646200,558522,8.228586303008354
1648770,4393285,7.716349113664793
1651460,1229470,7.986648103839301
1651810,473707,8.689702713781681
1652441,2317643,7.903566253952666
1653110,2548806,8.021040918387296
1658041,410990,8.040344747767024
1663530,478706,5.570880909957594
1666840,2603872,8.086744664190643
1666921,842833,7.230627040666831
1668090,2289515,5.630171245016115
1668121,891910,7.982015231827422
1668440,2470824,8.718108385006605
1669720,4676179,8.692312284161764
1671030,1947821,8.004857660582509
1671091,387779,7.970107725596793
1671280,982766,8.117407680367993
1672401,8467358,7.976474300444768
1672711,4137295,8.115001590864122
1672721,462830,8.347221000280872
1676060,4177156,8.619226777790695
1676301,24722,8.349339859946188
1677560,303969,8.004233904128528
1679250,4370617,7.96503774929516
1679311,2366597,7.95934851686623
1679760,4606522,8.099957948485041
1679811,104220,8.568847208212931
1680741,2599190,8.549912959548166
1681540,2599840,8.22849323603974
1682320,468389,8.04585848715159
1683161,3778957,8.700279642448779
1683331,2381753,8.570694506136384
1683601,2207401,7.931464345329147
1683901,531784,8.232296565928337
1683980,478202,7.402614331896543
1685081,238458,7.988974601300112
1685460,30117,8.144790931236225
1688860,1306020,7.9786018683190845
1691231,2407015,7.832524896451499
1692390,492982,8.00999395183697
1692400,5321542,8.719368595043651
1694281,476483,7.977405970797874
1695150,660725,7.986733284129413
1696470,2141951,8.01180779669025
1697150,2062582,8.152175376245653
1697421,2477640,7.960693503303561
1699991,251193,8.130188564630114
1700130,4632535,8.214029736622862
1702230,4819381,8.247831881664151
1702260,2592379,7.20728096868559
1702730,619503,8.669711330666244
1703280,2297476,8.014431287390357
1703590,4621582,8.223778261072928
1704110,4421068,8.700594827187256
1704291,1035814,8.001570139315426
1704610,4673368,6.53816790478116
1705741,1285658,7.588968857674743
1708930,480807,8.707124089251577
1709670,463181,8.269483425530115
1711960,463181,8.708665799677458
1712810,566074,8.047283500677281
1714200,5052328,5.796889309385344
1720721,4127047,8.53142032365094
1724731,554261,8.560753928187577
1727871,3720946,7.989302694350701
1728351,2186189,8.537497118857088
1729081,4583518,7.961098256785059
1729311,2550423,8.150114549503202
1730220,2459173,7.999391546567991
1730730,2371625,8.01836385223131
1731890,572338,8.007317236936688
1733851,2530551,8.073313234609325
1735911,5061001,7.965565306327015
1737920,436798,6.90493219025704
1738921,100089,8.55413804548317
1739161,4173142,8.59187247378757
1739701,2406341,5.557063182803762
1740860,437626,8.003266695402903
1742070,4268824,8.723335711212032
1742101,3113920,8.574050765099324
1742301,852019,8.13664227308858
1742610,4391701,7.989864761331255
1743980,1316976,7.529311770610002
1744270,460770,8.158234009245307
1744680,2371625,7.998563852231313
1745061,6104125,8.701910871079956
1745691,3955375,8.040473564307499
1764401,715,7.93945545797769
1766010,2430664,8.187832980559087
1766441,1764306,8.035314170887684
1773021,2079249,8.716736744016986
1773630,2604418,8.215861703714705
1775240,522421,8.701797745756574
1780840,2538391,7.99757896354056
1781760,119467,8.307502411018275
1783220,4697119,8.230516063256605
1785281,3219967,8.02768323690822
1786240,4300480,7.988618976575393
1787310,2454799,7.959879506517301
1787851,3264577,8.062901145900456
1788031,2939986,8.050126299950398
1790071,2078097,7.461349252412897
1794801,2608413,8.325881287322192
1799501,5146501,7.97498175916803
1800680,3876811,8.249631153623486
1803311,3534874,8.727067255943412
1807100,3269230,7.989148412851753
1807541,443298,8.004509318697018
1808291,10890,7.991031857725817
1808750,1905091,8.019792250663139
1809041,1779866,8.062768835537723
1813590,722880,8.081909820701032
1813990,538999,7.99716760319834
1822541,2993401,8.091716411702585
1828061,2217721,8.012167368508475
1828381,2062812,7.9281436443066164
1831800,2146186,8.188958585628852
1832740,2436166,8.119624522697737
1832800,2424823,8.001253089105667
1832881,2388495,7.291678740580971
1833511,5043550,7.964968809432216
1833561,459327,8.215683146808589
1833950,4634107,7.974616548632682
1834820,2212806,8.151841514968298
1834950,2878855,8.616614444025899
1835040,2577789,8.56897541504379
1835081,4300462,8.67009476018211
1835280,2855431,8.571990896123411
1835500,2808394,7.995248489625916
1836360,2146186,8.41494865624366
1837101,1918727,7.26494293637271
1837370,5108425,7.987575066149198
1837871,2170994,7.133914001627515
1839580,1892427,8.021377592039752
1839640,3469789,7.959632858137693
1840301,3113920,8.60522772368386
1840661,4902,8.699846093677177
1841631,428685,8.573439067360237
1842161,540323,6.158496568957116
1842261,2242013,8.018363600068234
1842701,822326,7.983410396849458
1844140,971769,8.000678249192418
1844550,2055085,7.570058463806914
1844981,440003,8.662570600246163
1845130,190723,6.35474732909722
2297510,5685325,7.30828435303028
2297670,313569,8.590358098787501
2312641,562913,8.148224091980735
2316121,2277143,8.021786625777144
2316560,2259490,8.102354274362712
2319700,1281171,8.245544923657093
2321951,2356900,8.000641976156814
2323781,188566,8.532052695755157
2329461,822326,8.40888548228757
2331600,1732057,8.298764237270493
2342490,984430,8.705608581644531
2344781,3767812,7.931215880653908
2344981,4257349,8.724532938393397
2351301,2449000,8.724532938393397
2353921,8336450,7.959882133725906
2354790,4640554,8.018099828907626
2358260,1794170,8.038762376114118
2359080,4802188,7.951344982578516
2361710,2573241,8.337612879197104
2363550,2238862,8.534886009721669
2367140,4686937,6.536785943658179
2367290,5454583,5.849301784005668
2369101,4191457,7.3623758701307125
2373091,2145440,8.598941942458506
2377721,2429933,7.950782944264851
2381160,1281273,7.996803100746111
2384781,190497,8.171637050088885
2385901,102657,7.8986784822329765
2389981,2607560,8.162793523035079
2395180,4558900,6.021256977809936
2396120,2244797,8.522498904801772
2396981,549865,7.8908832650593705
2401601,223969,8.582146641043916
2402000,2599190,8.727075922544943
2403241,3770299,8.116280171393997
2407900,3837547,7.979361927624564
2410610,445171,8.537461583101745
2412711,709925,7.971992767509453
2423930,253884,7.990469680519856
2429331,2339675,8.247075275058315
2430830,434711,8.64827292945815
2434491,2550124,8.177070133794697
2441870,10480,8.110185307905272
2443970,4025416,7.960564184873389
2444810,1785306,8.250173239099148
2449291,1931718,8.16769202146495
2453980,15426,8.516130161349409
2457480,4829983,7.9647022378548895
2458231,2588406,7.999592851787989
2462170,2300795,7.949012427805314
2467790,5841793,5.817806869402886
2468960,2563979,8.086529026796905
2471630,5223811,7.997570461175764
2475591,2897803,8.606011467721448
2480520,2989900,8.52864699591547
2487621,4370920,8.147957057614045
2494870,215689,8.013983383710276
2506331,716862,7.758935814195238
2507521,2165412,8.703629981150046
2510851,4851130,8.057270990863945
2510891,2374653,7.938204819709465
2511360,1377706,8.696811909910428
2515891,2614362,8.603977517848344
2515990,2016030,7.993210070865207
2520320,100416,8.026304408824236
2523450,4558900,8.233200750440469
2524790,247954,8.631505404838068
2531971,2241332,6.262307956232968
2538780,4673368,7.959542561367304
2541290,2759493,8.11528159641346
2544510,3458797,7.341299456744423
2547981,2521532,8.016247683921657
2549151,4421068,8.652631004355127
2550671,186343,7.974149066693534
2551380,4383058,7.960459066588647
2563381,2145341,8.597032079035236
2564160,2452390,8.32575387535243
2565181,4283155,7.981046156302662
2567091,438876,8.603974825713427
2569491,1202451,8.598902289588981
2570321,4399399,7.965046768235883
2574130,2248280,7.960099482326108
2575901,873122,7.999871942309536
2579460,541289,7.988723131494025
2584661,320609,7.963376960407339
2584960,2542169,8.585413336845306
2586671,2572468,7.959750690206802
2591021,5428,8.010290647181186
2595031,2341532,8.604153928399041
2595980,5032867,8.53818959245311
2599570,2993401,8.142269649359468
2600451,535707,8.154995511394846
2600511,2186305,8.54847789206483
2601571,4119634,8.007286784369986
2601810,2229477,8.079393039296965
2604521,4044049,7.993163039454936
2604561,3762160,6.988627167682274
2604840,744620,8.669514907983876
2606090,140,7.974881557839165
2606281,2443673,8.303517831327797
2614430,4393492,8.223423503637278
2615591,4886755,8.085214416058866
2619701,19286,8.514064954770218
2621730,2062812,8.498814075051344
2623380,461591,8.55454445586777
2624271,314889,7.26233148872499
2625031,2524340,8.698631929525911
2626851,2186305,8.124109965758857
2627411,2574481,8.72503064138864
2629600,2209477,8.02537405411789
2630250,2601102,8.2379778192034
2633071,31722,7.945018334509771
2635140,2525992,8.022923055547034
2638440,2591539,8.64443361156731
2642530,2601614,7.9886212466764395
2644040,2361922,8.724649421476569
2646251,2351675,8.5278286350543
2648940,1826135,7.3629909287420485
2652260,2286863,8.171254419807907
2653311,4380253,6.782229998498968
2658181,1680892,7.3492127244398
2668291,1117445,8.292027329027903
2668341,536695,7.801243587542249
2669460,387779,8.079672922960885
2673700,2195039,7.942423836420142
2674310,166554,7.982639699620868
2675741,2287767,8.388970843185835
2677230,617505,8.083177666701094
2678960,438835,5.6820480392949895
2680601,2993452,8.641522139250714
2681021,2476631,8.530737235013266
2681120,494233,8.717121901671986
2684751,1256088,8.111316929215322
2690160,4127287,5.589923279177126
2690220,1377726,8.243271760535713
2690391,2204362,8.586848142254171
2691220,1747983,7.997295124876468
2692230,24638,7.558986739320558
2694141,652226,7.1909353835906265
2697681,118811,7.978317348625372
2697950,2540482,8.50247394336647
2714980,1670299,7.999649584165075
2789110,1751998,7.724495951179881
2793641,464939,8.037146969905264
2795161,4368337,8.043031777827444
2811810,2473078,8.708239313605834
2834851,1720918,8.692659086742893
2838640,2912107,7.965036104522777
2842290,2537878,8.699360680694962
2843490,2372196,8.717054832782425
2847501,1751449,6.0458515408010545
2847821,3068173,7.226242065022431
2851711,2369247,8.02075441448409
2855940,4400638,7.9883527609644185
2856921,1486410,8.562661137367476
2857910,442320,8.60453950955966
2858141,554183,8.661033153713374
2858581,440702,6.5466903467145015
2860560,2592594,8.547660284419889
2862051,449072,8.37338377128678
2863631,2523793,7.974245219875888
2865491,173943,8.000703460477508
2870001,221096,8.41425267411604
2874981,6294862,7.352948551966589
2876021,2042862,8.398909635929794
2877191,2550124,8.213693003574697
2879401,1298393,8.122743798827408
2880350,3708715,8.223601669020034
2885230,3759658,8.724730074927297
2885370,2427627,8.66835448438
2886341,588599,7.989572617456807
2886600,303969,8.02600326969511
2886861,2485599,8.618172813635988
2886920,317337,7.98425456352876
2887400,140792,7.506190387844515
2888221,2195789,5.744216415848886
2889260,5022865,7.959632858137693
2889711,5075125,8.229252691046863
2891660,98184,7.200796107552187
2892070,870679,8.151762168921337
2894640,760478,8.125029443484456
2895381,2249460,8.23229101857663
2896020,632196,8.001802318337749
2896880,3083248,7.828331635452753
2898031,2323741,8.015410785481185
2898051,5220724,8.624609492862772
2898350,5165926,7.999569619187298
2898741,717567,8.034293454861965
2902031,1753284,7.977752705472167
2902341,32118,7.8136811366729075
2911881,7804328,8.0146369512791
2912011,1462299,7.9141012554058765
2916770,477223,8.612646040399214
2920220,4018390,7.367431154891129
2920980,1305985,7.987755178256861
2928050,1292132,8.076902892460005
2929340,2347597,8.234372636469464
2932540,1814735,8.020589860604925
2934380,7804328,8.601845597714167
2934861,2200379,8.223694647436174
2937461,114997,8.242031798612311
2937651,125503,7.707244900489604
2942531,1295449,7.992904575127616
2943480,4771996,8.223780280347762
2946350,120035,7.9950654948925175
2960980,1609097,7.921571755749196
2970390,519170,7.989669397404659
2970521,2324419,8.000516934818691
2972471,1885338,6.2719251132140315
2978360,196603,8.070707211971408
2979761,1766548,7.8512536496531915
2983020,2537878,8.114973682954066
2984801,1469624,8.552604230324913
2987551,686465,7.983546048688376
2992161,1377726,8.528166521572986
2998500,1977083,7.142255206634692
2998771,546793,8.34947354942302
2999960,466560,8.01462200556053
3002350,1322761,8.188523822095565
3004381,316274,8.018290232544558
3005761,986361,8.613087891552643
3007260,5428,8.282203787437314
3007710,3419017,8.148133846607614
3009511,4308124,8.561101726981978
3009560,4697119,7.964624841387149
3012961,3792088,7.668054132558961
3013001,3229138,8.019227273497838
3020290,2713522,8.67538780377109
3030851,1681174,8.044760998193212
3039770,4552675,7.964720656671345
3040371,2713522,8.403490800666452
3040470,477223,7.901473313724192
3050831,2142446,7.959868132254439
3054960,2713522,8.087891800738927
3056611,3992401,7.959794299314336
3056640,1952676,8.07374279642433
3056671,2428706,8.603357493474373
3059290,4902,8.263739186096297
3062221,2448386,7.864477292580417
3065120,420807,8.013051515708042
3066130,15088,8.077831080963879
3068801,399003,8.367501052678513
3069060,2349042,7.848555455931884
3069070,4611985,8.24167708409386
3071380,2449615,8.613385344987533
3072950,485757,8.607155737648162
3073921,2197478,7.922385232890247
3074761,4044034,8.700302184206675
3079010,4562749,7.993397906113695
3080131,528,8.015130396646677
3084300,200121,8.231621801886654
3087570,3989002,8.036027335927345
3088130,281792,7.972874792133869
3088850,2465183,8.521897199645455
3089611,1960625,8.39303771701235
3094251,317,8.137262365770402
3097081,117529,8.207215372405187
3102090,2483034,8.216524899070093
3102581,2599190,8.33287117668619
3105531,2891776,8.249986717975146
3106311,6155170,8.589000213197666
3106721,1808250,8.298805773576612
3106771,5121154,8.064594582849143
3107130,4539343,7.997671311181517
3107191,1346268,7.30828435303028
3108051,488913,7.9961209094000685
3108360,3156268,8.641967913442777
3109541,2159539,8.326776289900153
3109641,2215257,8.015666976658267
3110281,2456216,8.669713217941464
3112481,2601867,7.9784710106234416
3114761,223088,8.59283247918241
3115880,553720,7.992108209712761
3117380,2454485,7.999316916720339
3120681,2693031,8.050892217233383
3120931,1298384,8.095057031009242
3122121,3843706,8.424206921337738
3123121,2855341,7.065894240385926
3124160,319070,7.792195915164444
3125790,2287669,7.97845185651633
3126381,399718,8.000151392776397
3127870,2054930,8.023661734082195
3129491,4596430,7.968486999623717
3130351,1462299,8.005559053470042
3133360,4782202,7.976698062289897
3133391,5135188,8.21468379785116
3134291,2351675,7.998779246300021
3134540,4195246,7.7188451205744935
3136640,2286847,8.038093019350516
3136710,2102504,7.950592643808336
3136930,1799788,8.03751831877417
3141020,2523793,8.642245356174863
3142450,4021843,7.504962462384198
3143540,2573197,8.056227187191842
3144260,4400638,7.960075112449222
3147540,128769,8.00906272871598
3150610,452832,8.028266929136464
3151090,3736399,8.073904152546522
3151860,2378721,8.706016258640796
3152820,2893579,8.617269463850862
3154960,716862,8.414831930392817
3161031,25296,7.990835463870865
3166190,3733756,8.516185712374833
3167081,361725,8.04259849154411
3168920,173212,8.019222763613996
3170211,2168146,8.542080188948363
3175530,5168293,8.500838093353138
3175571,1350395,8.243729896047798
3175590,4811746,8.24998409076654
3176121,1336574,8.016352511782562
3176440,2287749,7.98007459411916
3178171,2854555,8.581185431051551
3180100,485757,8.608593347060609
3180111,166211,8.598355775446471
3180500,1910003,8.598927529499377
3180740,3004900,7.368880295292075
3181140,4682398,5.907008009152784
3183381,987736,8.150161205334477
3187131,4611985,8.24149941006899
3187900,2525028,8.008143331757374
3187971,1680892,7.545210232001659
3193391,2474870,8.556592403949606
3193751,4300483,7.367883653298783
3194111,685915,8.272520197853236
3194741,3184168,7.434062374611881
3195511,1319281,7.94627692027244
3196210,3308938,8.451920261202124
3200451,2592020,8.067492741947948
3200491,2390160,8.051556219997947
3201751,8369,8.011489716528002
3201830,305091,8.033722996925597
3202070,3714493,6.511154129413202
3202141,2339679,8.009470976068075
3302401,2292918,8.354804112322796
3303550,131985,8.095956237825819
3305791,1593456,7.95032540878089
3307180,1239169,8.019556791057365
3315490,2295424,8.597599237775748
3317131,2918173,8.022773498274596
3321391,700514,7.4073080793334904
3324010,2145220,8.618374041476116
3329881,3903655,7.927138800941314
3330490,1446974,8.444095114729757
3339631,23204,7.976297986244896
3347371,1113599,7.150247303887256
3360301,2254200,8.033426857143182
3360331,4421068,8.652631004355127
3361771,385786,8.0059806769658
3363661,1228057,8.065758153919626
3368881,3758968,8.710418942301239
3374041,3769642,7.523810023785515
3374761,458895,8.723276090645232
3380500,2443673,8.56909783117014
3382231,4421068,8.680594827187257
3382411,104148,7.965381185099171
3384010,2454485,7.978419476792937
3388381,1379194,7.8229806327449465
3389641,2609202,8.689031774335753
3394201,2591988,8.29481032895483
3408820,4638511,7.387272412918811
3419380,1852256,8.099254339608692
3421561,2141974,8.362193129174543
3422620,1227979,8.229369111035002
3423121,305876,8.598481173034031
3425281,5094865,7.931349146802537
3440851,2390160,8.037010019563358
3443980,2226662,7.6736603115017425
3450910,3989056,8.038068158025514
3454441,1096031,7.360630280814057
3458350,452668,7.869942674122714
3460951,5056381,7.976765937093382
3472930,2350989,8.52117229570843
3474271,2548806,7.911921046681964
3503800,2473996,7.483864620393683
3507820,272375,7.949072176297275
3508750,2854876,8.698146479709461
3509101,2347552,7.998979895486147
3509191,308038,8.27747624557487
3514531,2912968,8.146683577420667
3518650,840112,7.818056451053276
3527350,255922,8.651208594877556
3528481,18628,8.672448544311997
3529810,5077927,7.960300135918076
3540370,166031,8.36740537171182
3540460,1876718,8.616019606628377
3555241,4107142,8.022390097846799
3560581,3852310,6.639474379686989
3562450,1370381,8.024184104260401
3568450,2587700,7.85331686197287
3570991,4784812,7.950492675429822
3571381,4421068,8.642167238976286
3571441,4576630,7.9866652830599
3571870,680470,7.958577730744067
3577540,448765,8.179894690721474
3581920,2334514,6.006718505984579
3582961,321323,7.938050084188861
3583561,4407451,7.938805890620428
3590641,215689,8.162418754158965
3601231,270680,7.972017876430415
3607411,325507,7.989675221868531
3615370,1230448,8.028870526045232
3616300,2350673,7.772033333048007
3618121,3156262,8.300332073687182
3634300,532060,7.99898906213837
3635401,2444108,8.541034470084343
3636640,998313,8.460965480138219
3640591,4398304,6.894574515141174
3642760,1121649,8.17447209057137
3644830,180632,7.988295235867406
3646711,1802692,8.543643064658097
3650971,2273687,8.075887570042555
3660130,531550,8.604322930707552
3660160,505886,8.040505630334263
3661201,212216,8.155719578434214
3666310,24722,8.003274282611509
3672490,2808394,7.995184208718584
3676060,2477602,8.029570720063687
3677500,488913,7.9961209094000685
3677851,1609097,8.550186496644233
3677860,4640554,7.983547844180756
3678850,4197451,8.55363021097881
3682591,2291653,8.020627353287525
3682900,316274,8.542394263796101
3699481,1050740,7.792616379659158
3702211,2575023,8.317844398883844
3704311,584,8.54730664502169
3704491,2240792,8.675696335262405
3710791,1960625,8.153838049255599
3729001,4369537,7.993387824603514
3745471,2236323,8.36661919014904
3753571,126927,8.10629312237782
3757831,1902534,8.028699058154112
3761881,3465649,7.949333315664606
3764461,433856,7.837507045021815
3766540,2357136,8.022247198215632
3771571,4169962,8.228891483932735
3772261,3061525,8.214703700727972
3773071,431152,8.472829673595193
3784681,2578149,7.954983908842256
3787261,3872134,8.108907214128143
3789271,2051720,8.055429595212203
3794401,5041,8.426586150552444
3796321,2053444,6.475852164391588
3800350,305413,7.969153899462432
3803971,554261,8.065963641444435
3806041,1549182,8.009144490130819
3812911,4908796,7.960046338951647
3816721,459282,8.716962138667748
3819751,2354756,7.956867818121276
3825751,5020540,8.223780345274074
3825811,2683142,8.230771637076323
3833041,477537,5.817527211540837
3833191,550580,8.153928015497792
3834760,5143300,8.029096080085248
3838891,1796985,5.699515816399839
3839701,4560514,8.21068743507863
3842350,2236358,7.145358977617997
3842590,2348471,8.460223636414236
3843271,1100906,8.599033219629407
3846790,1856383,7.884676549295837
3847120,2358,6.551544442875594
3847921,2429152,8.590452378181373
3848881,459282,8.29956985310455
3849220,446229,8.278665061633854
3850411,2539202,8.515775842622986
3852280,462365,8.598102374119378
3855481,443649,7.959976582360396
3858091,2601614,7.960332024074329
3858190,2589482,7.960271179595187
3862111,168914,8.624794388075017
3866131,475407,8.662490669163375
3869050,2209477,8.065324789273888
3871861,3756355,8.018334745445147
3875881,563127,8.057810276468913
3878470,4768465,7.950111840899183
3879061,451748,8.056670678866185
3880300,458214,8.278010766807823
3880630,199268,8.006165037253817
3883780,86,7.963582600237967
3883930,449274,8.087936780124856
3884911,400387,8.589816253637327
3886780,2254567,7.762375353048007
3891481,2371215,8.077966083286126
3893251,1609097,7.996815347594403
3898711,2284142,8.00441887242156
3900661,2599190,8.727075922544943
3902680,2407015,7.832524896451499
3907441,463181,8.160880104373433
3911290,2474458,8.598484194243824
3912061,3693250,8.602107074801927
3915451,410990,8.0211879591033
3919510,2477640,7.9609739081376345
3920170,1834888,8.669714129527504
3920311,2694951,7.999822475937264
3922141,3116707,8.532767147451903
3922270,420807,8.01396832992533
3927331,850609,8.169766781794161
3934270,1653700,7.993935572152332
3936241,2088040,7.893448800810627
3940390,2101235,8.615488853803198
3942100,2871811,7.997010833576104
3943480,308364,8.726852900676173
3944350,296492,8.256386418927821
3955471,233184,7.919640146773093
3962890,507057,7.911318110958651
3983350,459282,8.628240405928908
3984490,12430,5.651381636853213
3987910,99345,8.018972669999851
3991510,2454485,8.02890235697613
3996820,2614362,8.576412095631902
4000480,465007,7.876684675621671
4006501,4435171,7.985084170202324
4012831,1947821,8.001044217507735
4013341,320664,8.115529635685439
4014661,2334769,8.596959303949694
4024150,460012,7.990753408665406
4035181,6078246,8.091750630721759
4050091,1941429,8.599043442176566
4050691,2301028,8.698702599112725
4055560,1130783,8.187157074848251
4056700,432773,8.006424942322822
4078030,2599190,8.33287117668619
4078381,1928144,8.114162183518316
4084780,556903,7.999385858561959
4105051,454134,8.011520119409841
4115101,218833,8.572875336088003
4127050,536900,8.615431678542212
4140601,2473276,8.699199048760725
4140871,103821,8.005334579090395
4141480,320664,8.64191346363374
4142281,470346,8.626632706028236
4161121,450195,8.148487237705599
4162051,4393630,7.948211850104812
4163611,2854876,8.667894411352005
4166071,4320190,8.092350094653256
4209511,2759493,8.661986951347432
4215130,4421068,8.652631004355127
4216051,2450736,7.8931111042917745
4219570,3307186,8.57738864392984
4221481,2485114,8.652703948994787
4229380,4629616,8.159183542906248
4233691,4018180,7.40772212533957
4236970,962437,7.962113201131324
4245430,2573193,8.510694392144421
4246810,2259919,7.997131085786264
4253380,253112,8.225358346634788
4254211,2309718,7.992722800052445
4268191,2563979,7.39738313910594
4268551,2573241,8.133962650032938
4268770,4149298,8.724532938393397
4271761,1510600,8.668212258438796
4278331,165448,8.167194250548402
4278391,447400,8.337109963062977
4280311,709360,8.120144951329847
4284241,2470824,8.280006822408057
4288090,2298263,8.214959073781834
4289221,212216,8.043893190742441
4292731,2368368,8.118504124835232
4299910,2817520,8.223906493470997
4301551,3248611,8.60304770247529
4310971,2312916,8.690940392791399
4323001,486630,8.56666528215026
4325041,2295755,7.9335925671326
4334830,1836702,8.621833061404793
4336951,2295424,8.00206131462946
4339750,2064647,7.531445658256573
4355401,4782199,8.00875239285175
4360141,2575351,7.9646816930473685
4362070,2193128,8.004477422052815
4370401,434096,8.009357643287998
4372681,25357,8.297018003187778
4376950,854210,7.8198601869168725
4383640,3075385,8.24849157691172
4385551,1902448,8.588948921018712
4391131,4908796,7.960146863438078
4392121,1796985,7.952148675301063
4393621,310397,7.767479532598903
4399300,2541759,7.988482220770753
4403230,2537131,8.474644580518484
4413610,24722,8.312914067814644
4414831,2539268,8.553737978685868
4424200,470603,7.8134368156183855
4427920,3160129,8.669714129527504
4437091,3989056,8.55871803461561
4438300,4399000,7.615114742850656
4441291,2550430,8.039075170711826
4444120,419262,8.517407643657704
4454581,2368325,6.7945241675675225
4463281,3113920,8.079363704089873
4465660,254727,7.927509992849417
4466491,131005,8.572524607344953
4467691,1968254,7.971964958503655
4468210,454358,6.825911406751091
4474021,1319281,7.9563642794271
4484281,692435,8.008089829499557
4487371,1035814,8.03790651525014
4496551,870594,8.620220277378525
4499701,4421068,8.652631004355127
4499740,2427627,8.334775528246931
4523140,1293198,8.19171793510571
4526860,247330,7.467155436615715
4528621,4019920,7.96112251939435
4537801,443298,8.018890793994665
4543810,2308812,7.865448378720924
4554961,3994384,8.65266281291202
4556641,324999,7.959610119151567
4570021,2375878,8.036929328219333
4571680,6034,8.603979675541465
4594990,2466103,8.164748607054657
4600180,2737394,7.635826478555902
4600420,2436166,8.01906834887942
4600660,2989726,8.077276309579906
4601761,1716312,8.6859265665898
4606720,215689,8.005147268621787
4611910,465150,8.004357523277344
4615510,2318816,8.51792306619358
4624381,1831338,8.585492507042972
4628590,2379664,7.834055070364726
4629031,446010,8.673766381636177
4641700,867246,8.034936452675606
4643521,2460999,8.016445128513565
4648000,2360253,8.619994080949379
4648120,525259,7.910788322851417
4648630,2131332,8.000555349616011
4649500,2108430,8.603647152862335
4650070,531902,8.00748254032909
4650841,2570731,7.682323948577357
4652140,1325450,8.582681054184606
4657531,480575,7.511030935376475
4658110,2930500,8.52363876113594
4663990,1727705,8.590573606027766
4665430,1332924,7.976182037807834
4671061,4235479,7.94997422162206
4671571,5143300,8.009231799177916
4674700,32181,8.107813233353504
4676080,2370485,7.629473750019782
4678450,3912373,7.697081139930814
4678780,3270286,8.724533918393398
4679530,2499205,7.510110880345982
4679731,4748464,8.225270015050313
4680391,224489,8.002011056523507
4681900,2883868,8.677711416659397
4681981,2854876,8.698146479709461
4682071,2430403,8.270108651484462
4682440,4813621,8.249327904358104
4683370,2607217,7.950503636465349
4686440,2470824,8.297076970568698
4687060,1093636,8.542983077589941
4687210,4421068,8.724730074927297
4688020,1354670,7.3171531933730485
4689280,2485076,7.5108929886299425
4690171,2233630,8.044598050111224
4690330,1968152,7.9998810089955406
4691650,4338379,7.964527930582189
4693501,4798333,7.960262629579506
4694800,2145197,8.066072322738792
4694941,2580021,8.469519277688931
4695001,2599139,7.9996473488856505
4696090,1819862,8.054351276907852
4696891,4807633,8.225902449914846
4698151,1101948,8.603991078168283
4698691,212216,8.064291996374589
4699390,2808394,8.596636826327748
4699960,78643,8.500249812578057
4700050,8369,8.158398392238286
4703110,4268824,8.724532938393397
4703131,722880,8.414544123672565
4703170,399718,8.004988029344865
4704391,574430,8.491304800903011
4708210,2274734,8.113250792359631
4713070,1829987,8.017329625404967
4718521,3174526,8.000413318543421
4719331,1366582,8.586900822437356
4721401,2209477,8.045866060610164
4725961,2759493,8.263571503936191
4730461,1334597,8.72356540968321
4731061,313514,7.993233799960331
4731550,2573241,8.278918098951001
4731670,1082400,5.79642080743649
4732540,249020,8.026195193949128
4732921,4611985,7.986790967810067
4734691,464534,8.367245089234096
4739281,2580687,8.603649310555456
4741561,2534942,8.689707120973663
4741960,2576730,8.005347208528367
4742851,1761924,7.9866346833507444
4743691,2469397,8.013323190735807
4744471,186343,7.9997354348646725
4749160,1105056,5.719890485187779
4749580,1088585,7.932246744548177
4750660,562513,8.683851395904266
4751191,31099,8.022270304784813
4753930,867177,7.945164609889837
4755970,2602071,7.938995597993902
4757551,443466,8.442350392253768
4762690,536767,8.032234790553623
4764901,317849,8.611078289185235
4767091,4535863,8.232255750194385
4767781,1345763,8.593254754941698
4771381,389215,8.654758070751424
4786231,2473276,8.513821835828526
4788031,2596999,8.004683954697281
4803541,2216349,8.001346780848836
4807021,2494167,8.023612947469843
4807060,2129220,8.04848867324774
4811830,1897536,8.082885817286641
4814521,2607835,7.979567113199651
4820020,126927,8.465847301144112
4821211,496089,7.812016734155969
4825291,2534924,8.0682267682798
4827451,96964,8.608974514043233
4829590,1856383,8.472108158361591
4830661,78637,7.997987113207687
4832551,2905483,8.3739014588348
4841491,2286863,8.114903373324465
4844911,3110287,8.662727886943147
4850920,2854909,8.686188045303844
4851481,211163,8.004490475215185
4855051,10480,8.645376544973587
4856011,963118,8.53352712939731
4857040,4631788,8.096119471966155
4862041,912823,8.475512069398524
4864270,3839527,8.039315405983018
4864900,2341451,8.003035571212848
4865221,1820546,8.604404157997308
4877980,2527069,8.09987085882864
4887091,443473,8.585910632369282
4900150,351403,8.224034539350603
4900561,4147033,8.688572786045219
4903531,459282,8.29956985310455
4906111,2107,7.825032900555158
4912771,607103,8.15952255466572
4912780,305091,8.061050810766087
4913221,2281291,7.949952733240126
4913881,2467103,8.630026430198013
4924300,315793,8.609225190275943
4927321,218833,7.984629032465679
4927801,5194960,5.796499329976466
4928461,2580687,8.60367003634719
4930390,5198926,7.744134948106922
4931401,716134,8.003279708958324
4933261,2287671,7.999728702952244
4939030,166554,7.8625808459680275
4948480,2605895,6.597769105433726
4954711,2576226,6.867575686865621
4955911,2905483,8.705912158407903
4959661,6841975,8.272559075699467
4963510,2180196,8.618313061327985
4967080,2177258,8.569416221297612
4970800,4874203,7.992995072144633
4973020,2195786,8.158871427937225
4974970,3913879,8.709319705355911
4977691,2896486,8.249799836242616
4981021,2259945,7.960082685787552
4981321,1101948,8.042710715145464
4986211,2587259,8.719368595043651
4991590,2186305,8.712543577505318
4993750,3730834,8.246058367424899
4995370,2259510,8.603532662218063
4995931,308810,7.929451894940408
4998811,2101235,8.017021157861697
5011291,7739588,8.04532357439648
5014060,211217,7.9949693010571155
5022121,113710,7.887040431048456
5022910,2472795,8.341061367845992
5028550,691258,7.992538253853412
5030191,722880,6.809655604779616
5036530,843803,8.055007791513017
5037001,1330247,8.669654773776053
5038921,317968,8.443555119967424
5040391,2445599,8.002395112169594
5042080,2897803,8.0253178402885
5042491,681803,7.9213369343399895
5045080,2129220,8.076260403831116
5045251,5679028,8.016711287330217
5048761,2603306,6.740545348856433
5054410,854210,8.557061930003385
5058181,2603531,8.566871678447677
5060731,463181,8.427676915354128
5073751,3610228,5.768485299669248
5076391,2286863,8.727068886993854
5086690,2349719,8.604715529108176
5097310,4783621,8.248148268924933
5098090,2450614,8.599105381250599
5102770,2754294,7.946967963992013
5107651,2273687,8.060193237282148
5107780,1796985,8.012212372239219
5111740,2588406,7.949294436755793
5113261,2930800,7.986368531356766
5113801,520845,8.056779956168116
5121520,1990404,8.094365367487633
5123071,103890,8.0852195990872
5123110,2433873,8.041057180650112
5127031,4296253,7.9921987135127095
5128060,2203815,7.697237587541465
5128630,1757592,8.560032138971218
5134570,554183,8.726853677191341
5138101,4018390,7.9949657255237865
5138401,2019613,8.06701092154395
5146870,1073705,8.014822844245229
5153671,541307,7.266900832894471
5155060,1796985,8.616997269471344
5159860,2477554,7.311830821332187
5160541,454358,7.9365626666091575
5170471,1773733,8.000958394523412
5174431,4778437,8.228671792945855
5175100,2344254,8.60887952973674
5177371,1796985,8.010969496992184
5181271,8369,8.60792908684542
5184070,3442753,7.505851935679081
5184580,2759493,8.134489616413461
5186281,4183798,7.964683059383222
5196790,2454970,8.48684469346514
5199220,2770245,8.664757090751422
5209240,458860,7.9703950027270025
5213710,2530462,7.397197966152277
5216050,4183798,8.2286068070073
5216110,4183798,8.2286068070073
5216170,4183798,8.2286068070073
5218531,621624,7.989828746014996
5219611,4183798,8.2286068070073
5219620,4183798,8.2286068070073
5222350,3113920,8.64370711532251
5225401,3156229,7.30761515825024
5238070,206553,8.53753388934841
5239690,2389784,8.115529635685439
5239750,531001,8.000517452051925
5242030,308362,8.03652771004586
5249170,2371625,8.00340048879978
5251261,312875,8.469640743639538
5252791,474003,7.690718632877556
5254690,4127287,8.142163737171572
5255641,460127,8.206524225854672
5268901,1215868,7.450155298706322
5277361,5000536,8.003389627091954
5280340,2438333,6.697575569850411
5282440,1593477,8.015567925339408
5296450,446229,7.976537395754184
5305690,1753316,8.462608866419139
5306350,2409026,7.987968883929573
5310751,218833,8.551995835289489
5311180,2466103,8.595616070646418
5314900,3442984,8.13449544144672
5320930,485732,8.046246782410437
5330830,3795157,8.000576802183389
5331181,2883667,7.974573280648787
5331301,2193265,8.716973163374945
5335171,2537999,8.632175405788363
5336080,5144344,7.959609751047879
5348020,449274,8.582281023675066
5349850,2580688,8.55791569812904
5356921,4421068,8.705816274877336
5360251,2312916,8.204369474250438
5363491,439491,7.938072659560375
5368831,625734,8.031679504812326
5370310,2985898,8.724521812289776
5371171,1122607,8.004820978439463
5372080,173309,8.7198214759085
5372320,3739819,8.706160338640796
5373781,4575061,8.228684203475039
5386981,2450614,8.009173429266367
5393431,2588712,8.642903251062158
5393830,2307589,8.069711961287297
5396581,2575023,7.9986645194790515
5397760,321150,7.599370405751541
5404870,2830777,8.620676384782584
5405620,305091,8.23929274315452
5406490,5093221,8.513110483488928
5414530,1379172,8.000835655792862
5422831,6094612,7.9922472901771195
5429080,995330,7.997603719179386
5440621,2601614,8.038102746265603
5440891,4834366,8.390355221558801
5442040,3036901,6.9105432716746185
5442871,326893,8.11540687443565
5443831,2298584,7.360906663496398
5448541,3419002,8.704433629906974
5453050,181149,8.096073119286006
5453401,1201840,8.180188911160897
5456560,4204885,8.581273766243303
5458231,2301068,8.000710120004953
5459350,2469397,8.612201619468577
5460211,2939866,7.698001495853482
5460610,628495,7.999727593442605
5461741,2381753,7.985894546169786
5463310,2550430,8.091297780162016
5464870,4421068,8.696016274877335
5473591,6034,8.000043852989855
5473681,2246213,7.9027216697243095
5474191,1380964,8.05307790873161
5474311,2338203,8.41862224636235
5480611,4705573,7.961393025774776
5482000,105269,8.587088450083263
5489131,2301594,8.01626516742886
5491921,3910687,8.247927695714608
5492791,11936,8.720755008733628
5497810,453395,8.591283646806762
5507371,2478432,8.465056965592519
5508211,2321956,8.3074500459134
5508901,1020453,8.02456959178024
5512261,2285231,7.697501488772728
5515060,496905,6.784773524437032
5520280,307422,8.00860321946533
5520820,3782353,8.046707301461288
5522080,5075125,7.981854662449839
5522461,4249822,7.964716697180629
5527021,1462299,7.836068129246961
5529511,2187406,8.4077799146588
5531611,4175653,7.959403406689438
5533570,2165949,7.770209044700856
5536591,2250220,7.941824093511689
5538841,2855431,8.332940451968755
5546530,4282375,8.01284169581521
5553031,1367817,7.873225811588413
5560810,850815,8.045315872947153
5561320,2855920,7.510944988629943
5563930,446229,8.60191010213693
5564161,3075385,8.086653120849755
5564671,2292891,8.542286582808924
5566000,1895551,8.025186167096788
5568361,2759493,8.134489616413461
5575060,2989726,8.077276309579906
5578741,1231287,7.51096834454234
5580151,2127917,8.223603804870754
5583121,2295424,8.16582854672344
5583181,2101235,5.6417732162234575
5587660,4760008,8.241855640999976
5588191,458860,8.36624921746961
5590291,998089,7.998165128951936
5594200,15148,8.38350565786629
5594650,3113920,8.64370711532251
5594860,100178,7.963503491898061
5595460,2142446,7.999913221212539
5598511,1380964,6.0926453693468
5599570,4370989,8.15250034608762
5603050,491017,8.06147092637274
5609221,2854876,8.39320066456982
5609881,2494167,8.606683109176164
5616100,4735141,8.669714129527504
5616181,2332590,8.566282465106928
5620180,2391259,7.932702066519431
5628160,3959167,8.57900071352285
5630500,1796985,8.602799153244206
5632561,3959155,8.653237564885822
5639320,3853426,7.959709327782627
5646511,6073047,8.003007947831755
5647540,36960,8.250562722194509
5647951,1360858,8.014635123912441
5652481,254094,8.669482184869599
5661250,1609097,8.163912655072862
5661880,5256244,7.959996512634059
5675251,2241334,8.007048836678445
5675701,7804328,8.410787904165336
5689120,2215170,8.604041917172939
5699230,4627999,7.980764946716772
6459040,443150,8.560451632342719
10335850,2435229,7.991690127765787
10987250,1753284,8.121493335385338
